DROP TABLE IF EXISTS `accordians`;
DROP TABLE IF EXISTS `panels`;
DROP TABLE IF EXISTS `devcredits`;
DROP TABLE IF EXISTS `passwordmanager`;

CREATE TABLE `panels` (
  `panelId` int(11) NOT NULL,
  `panelName` varchar(20) DEFAULT NULL,
  PRIMARY KEY (`panelId`)
) ENGINE=InnoDB DEFAULT CHARSET=utf8;


CREATE TABLE `accordians` (
  `accdId` int(11) NOT NULL AUTO_INCREMENT,
  `accdName` varchar(20) DEFAULT NULL,
  `panelId` int(11) DEFAULT NULL,
  `orderList` int(11) DEFAULT NULL,
  `iconCls` varchar(45) NOT NULL DEFAULT 'settings',
  `expand` tinyint(1) NOT NULL DEFAULT '1',
  PRIMARY KEY (`accdId`)
) ENGINE=InnoDB AUTO_INCREMENT=238 DEFAULT CHARSET=utf8;

INSERT INTO `accordians` (`accdId`,`accdName`,`panelId`,`orderList`,`iconCls`,`expand`) VALUES 
 (223,'AirLines',1,3,'aiplane',0),
 (224,'Quick Links',1,7,'quickLinks',1),
 (225,'Deals Special',1,5,'deals',0),
 (226,'Indian Govt Links',1,2,'india',0),
 (227,'Indian Recipies',1,6,'food',0),
 (228,'Travel Needs',1,1,'travel',0),
 (229,'USA Desi Sites',1,4,'usa',0),
 (230,'E Books',2,7,'books',0),
 (231,'Job Sites',2,6,'jobs',0),
 (232,'Kids Special',2,5,'kids',0),
 (233,'Radio and Songs',2,3,'radio',0),
 (234,'Movie Special',2,4,'movie',1),
 (235,'Games',2,2,'games',0),
 (236,'Software DownLoads',2,1,'sw',0),
 (237,'MS in USA',2,8,'ms',0);

CREATE TABLE `devcredits` (
  `iddevcredits` int(10) unsigned NOT NULL AUTO_INCREMENT,
  `name` varchar(100) NOT NULL,
  `location` varchar(100) NOT NULL,
  `description` varchar(450) NOT NULL,
  `helpType` varchar(450) NOT NULL,
  `isArchived` tinyint(1) NOT NULL DEFAULT '0',
  PRIMARY KEY (`iddevcredits`)
) ENGINE=InnoDB AUTO_INCREMENT=16 DEFAULT CHARSET=latin1;


INSERT INTO `devcredits` (`iddevcredits`,`name`,`location`,`description`,`helpType`,`isArchived`) VALUES 
 (1,'Sai Dev','Santa Clara, CA, USA','Too Intelligent','Financing',0),
 (2,'Greeshma','New Providence, NJ, USA','Very Naughty','Financing',0),
 (3,'Durga Bhavani','Hyderabad, India','I am nice to all who are nice with me.','Data Collector',0),
 (4,'Saritha Ryagala','SanJose, CA, USA','I am what I am','Testing and Advertising',0);

INSERT INTO `panels` (`panelId`,`panelName`) VALUES 
 (1,'LEFT'),
 (2,'RIGHT');


CREATE TABLE `passwordmanager` (
  `userId` int(11) NOT NULL,
  `title` varchar(20) DEFAULT NULL,
  `description` varchar(50) DEFAULT NULL,
  `url` varchar(100) DEFAULT NULL,
  `uname` varchar(20) DEFAULT NULL,
  `decrptPwd` text
) ENGINE=InnoDB DEFAULT CHARSET=utf8;

DROP TABLE IF EXISTS `treeelements`;
CREATE TABLE `treeelements` (
  `eleId` int(11) NOT NULL AUTO_INCREMENT,
  `text` varchar(300) NOT NULL,
  `accdId` int(11) DEFAULT '-1',
  `rootId` int(11) DEFAULT '-1',
  `leaf` tinyint(1) DEFAULT '1',
  `orderList` int(11) DEFAULT NULL,
  `eleUrl` varchar(300) DEFAULT NULL,
  `expanded` tinyint(1) DEFAULT '0',
  PRIMARY KEY (`eleId`),
  KEY `accdId` (`accdId`) USING BTREE
) ENGINE=InnoDB AUTO_INCREMENT=27575 DEFAULT CHARSET=utf8;

DROP TABLE IF EXISTS `useraccordianmapper`;
CREATE TABLE `useraccordianmapper` (
  `userId` int(11) NOT NULL,
  `accdId` int(11) NOT NULL
) ENGINE=InnoDB DEFAULT CHARSET=utf8;

DROP TABLE IF EXISTS `users`;
CREATE TABLE `users` (
  `userId` int(11) NOT NULL,
  `userName` varchar(20) DEFAULT NULL,
  `password` varchar(15) DEFAULT NULL,
  `dspName` varchar(100) DEFAULT NULL,
  `emailId` varchar(50) DEFAULT NULL,
  `status` varchar(10) DEFAULT NULL,
  `timeZone` varchar(50) DEFAULT NULL,
  `createDate` timestamp NOT NULL DEFAULT CURRENT_TIMESTAMP,
  `modifyDate` timestamp NOT NULL DEFAULT '0000-00-00 00:00:00',
  `pwdHint` varchar(100) DEFAULT NULL,
  `pwdAns` varchar(30) DEFAULT NULL,
  `dispSet` tinyint(1) DEFAULT NULL,
  PRIMARY KEY (`userId`)
) ENGINE=InnoDB DEFAULT CHARSET=utf8;

DROP TABLE IF EXISTS `usertreemapper`;
CREATE TABLE `usertreemapper` (
  `userId` int(11) NOT NULL,
  `eleId` int(11) NOT NULL
) ENGINE=InnoDB DEFAULT CHARSET=utf8;



INSERT INTO `treeelements` (`eleId`,`text`,`accdId`,`rootId`,`leaf`,`orderList`,`eleUrl`,`expanded`) VALUES 
 (25570,'Airlines',223,-1,0,1,'',1),
 (25571,'Indian Airlines',223,25570,0,2,'',1),
 (25572,'Indian Airways',-1,25571,1,1,'http://indian-airlines.nic.in/homepage/index.aspx',0),
 (25573,'Kingfisher',-1,25571,1,2,'http://www.flykingfisher.com/',0),
 (25574,'Airindia',-1,25571,1,3,'http://home.airindia.in/SBCMS/AIHome.aspx',0),
 (25575,'Lufthansa',-1,25571,1,4,'http://www.lufthansa.com/online/portal/lh/us/homepage?l=en&cid=1000390',0),
 (25576,'Indigo',-1,25571,1,5,'http://book.goindigo.in/skylights/cgi-bin/skylights.cgi',0),
 (25577,'Allianceair',-1,25571,1,6,'http://www.allianceairlines.com/ ',0),
 (25578,'Paramountairways',-1,25571,1,7,'http://www.paramountairways.com/ ',0),
 (25579,'Jetairways',-1,25571,1,8,'http://www.jetairways.com/EN/IN/Home.aspx ',0),
 (25580,'Airchartersindia',-1,25571,1,9,'http://www.airchartersindia.net/',0),
 (25581,'Goair',-1,25571,1,10,'http://www.goair.in/',0),
 (25582,'Multi-Track',-1,25571,1,11,'http://www.multi-track.com/home.htm',0),
 (25583,'Tajair',-1,25571,1,12,'http://www.tajaironline.com/bookajet.htm',0),
 (25584,'International Airlines',223,25570,0,3,'',0),
 (25585,'Aer Lingus',-1,25584,1,1,'http://www.aerlingus.com/',0),
 (25586,'Aeroflot',-1,25584,1,2,'http://www.aeroflot.ru/',0),
 (25587,'Aerolineas Argentinas',-1,25584,1,3,'http://www.aeroargentinas.com',0),
 (25588,'aerolineas',-1,25584,1,4,'http://www.aerolineas.com.ar/arg/main.asp?idSitio=CA&idPagina=1&idIdioma=en',0),
 (25589,'aeroline',-1,25584,1,5,'http://www.travelguru.com/',0),
 (25590,'Aeromexico',-1,25584,1,6,'http://www.aeromexico.com/en_us/',0),
 (25591,'AeroSvit',-1,25584,1,7,'http://www.aerosvit.com/',0),
 (25592,'Air Canada',-1,25584,1,8,'http://www.aircanada.com/en/home.html',0),
 (25593,'Air India',-1,25584,1,9,'http://www.airindia.com',0),
 (25594,'Air Jamaica',-1,25584,1,10,'http://www.airjamaica.com/',0),
 (25595,'Air New Zealand',-1,25584,1,11,'http://www.airnewzealand.com/gateway.jsp',0),
 (25596,'Alaska Airlines',-1,25584,1,12,'http://www.alaskaair.com/',0),
 (25597,'Alitalia',-1,25584,1,13,'http://www.alitalia.com/us_en/',0),
 (25598,'America West',-1,25584,1,14,'http://www.americawest.com/',0),
 (25599,'American Airlines',-1,25584,1,15,'http://www.aa.com/homePage.do',0),
 (25600,'Asiana Airlines',-1,25584,1,16,'http://us.flyasiana.com/Global/US/en/main',0),
 (25601,'Austrian Airlines',-1,25584,1,17,'http://www.aua.com/us/eng',0),
 (25602,'Bahamas Air',-1,25584,1,18,'http://up.bahamasair.com/',0),
 (25603,'British Airways',-1,25584,1,19,'http://www.britishairways.com/travel/home/public/en_us',0),
 (25604,'Cathay Pacific Airways',-1,25584,1,20,'http://www.cathaypacific.com/',0),
 (25605,'China Airlines',-1,25584,1,21,'http://www.china-airlines.com/en/index.htm',0),
 (25606,'Continental Airlines',-1,25584,1,22,'http://www.continental.com/web/en-US/default.aspx',0),
 (25607,'Croatia Airlines',-1,25584,1,23,'http://www.croatiaairlines.com/',0),
 (25608,'DeltaAirlines',-1,25584,1,24,'http://www.delta.com/',0),
 (25609,'Egypt Air',-1,25584,1,25,'http://www.egyptair.com.eg/',0),
 (25610,'El Al Israel Airlines',-1,25584,1,26,'http://www.elal.co.il/',0),
 (25611,'Finnair',-1,25584,1,27,'http://www.finnair.com/',0),
 (25612,'Garuda Indonesia',-1,25584,1,28,'http://www.garuda-indonesia.com/',0),
 (25613,'Hawaiian Airlines',-1,25584,1,29,'http://www.hawaiianair.com/Pages/Index.aspx',0),
 (25614,'Iberia Airlines',-1,25584,1,30,'http://www.iberia.com/',0),
 (25615,'Iceland Airlines',-1,25584,1,31,'-- http://www.icelandair.com/',0),
 (25616,'KLM Royal Dutch Airlines',-1,25584,1,32,'http://www.klm.com/',0),
 (25617,'Korean Air',-1,25584,1,33,'http://www.koreanair.com/',0),
 (25618,'LanChile',-1,25584,1,34,'http://www.lanchile.com/english/us/',0),
 (25619,'LOT',-1,25584,1,35,'http://www.lot.com/',0),
 (25620,'Lufthansa',-1,25584,1,36,'http://www.lufthansa.com/',0),
 (25621,'Malaysia Airlines',-1,25584,1,37,'http://www.malaysiaairlines.com/',0),
 (25622,'Mexicana Airlines',-1,25584,1,38,'http://www.mexicana.com/',0),
 (25623,'Midwest Express Airlines',-1,25584,1,39,'http://www.midwestairlines.com/',0),
 (25624,'Northwest Airlines',-1,25584,1,40,'http://www.nwa.com/',0),
 (25625,'Philippine Airlines',-1,25584,1,41,'http://www.philippineairlines.com/',0),
 (25626,'Qantas',-1,25584,1,42,'http://www.qantas.com.au/',0),
 (25627,'Sabena',-1,25584,1,43,'http://www.flysas.com/en/?vst=true',0),
 (25628,'Saudi Arabian Airlines',-1,25584,1,44,'http://www.saudiairlines.com/',0),
 (25629,'Siberia Airlines',-1,25584,1,45,'http://www.s7.ru/',0),
 (25630,'Singapore Airlines',-1,25584,1,46,'http://www.singaporeair.com/',0),
 (25631,'South African Airways',-1,25584,1,47,'http://www.flysaa.com/',0),
 (25632,'Southwest Airlines',-1,25584,1,48,'http://www.southwest.com/',0),
 (25633,'Swissair',-1,25584,1,49,'http://www.swiss.com/',0),
 (25634,'TAP Air Portugal',-1,25584,1,50,'http://www.tap-airportugal.pt/',0),
 (25635,'Thai Airways',-1,25584,1,51,'http://www.thaiair.com/',0),
 (25636,'Transaero',-1,25584,1,52,'http://www.transaero.ru/',0),
 (25637,'Turkish Airlines',-1,25584,1,53,'http://www.turkishairlines.com/',0),
 (25638,'Ukraine International Airlines',-1,25584,1,54,'http://www.ukraine-international.com/',0),
 (25639,'United Airlines',-1,25584,1,55,'http://www.united.com/',0),
 (25640,'US Airways',-1,25584,1,56,'http://www.usairways.com/',0),
 (25641,'Varig Brazilian Airlines',-1,25584,1,57,'http://www.varig.com/',0),
 (25642,'Virgin Atlantic Airways',-1,25584,1,58,'http://www.virgin-atlantic.com/en/us/index.jsp',0),
 (25643,'All - News Papers',224,-1,0,4,'',1),
 (25644,'Telugu',224,25643,0,5,'',0),
 (25645,'WebDunia',-1,25644,1,5,'http://telugu.webdunia.com',0),
 (25646,'Prajasakti',-1,25644,1,1,'http://www.prajasakti.com',0),
 (25647,'Eenadu',-1,25644,1,2,'http://www.eenadu.net',0),
 (25648,'AndhraJyothi',-1,25644,1,4,'http://www.andhrajyothy.com',0),
 (25649,'Saakshi',-1,25644,1,3,'http://www.sakshi.com',0),
 (25650,'AndhraBhoomi',-1,25644,1,6,'http://www.andhrabhoomi.net',0),
 (25651,'Surya',-1,25644,1,7,'http://www.suryaa.com/',0),
 (25652,'YahooTelugu',-1,25644,1,8,'http://in.telugu.yahoo.com/',0),
 (25653,'Vaartha',-1,25644,1,9,'http://www.vaartha.com/',0),
 (25654,'ApWeekly',-1,25644,1,10,'http://apweekly.com',0),
 (25655,'Andhravilas',-1,25644,1,11,'http://andhravilas.com/telugu.asp',0),
 (25656,'TeluguOne',-1,25644,1,12,'http://teluguone.com/news',0),
 (25657,'TeluguPeople',-1,25644,1,13,'http://www.telugupeople.com',0),
 (25658,'ThatsTelugu',-1,25644,1,14,'http://thatstelugu.oneindia.in',0),
 (25659,'Mayanagar',-1,25644,1,15,'http://www.mayanagar.com',0),
 (25660,'GreatAndhra',-1,25644,1,16,'http://www.greatandhra.com/index.php',0),
 (25661,'IdleBrain',-1,25644,1,17,'http://www.idlebrain.com',0),
 (25662,'ETV',-1,25644,1,18,'http://www.etv.co.in/e-tv-5/index.php',0),
 (25663,'NTV',-1,25644,1,19,'http://www.ntvtelugu.com',0),
 (25664,'CTV',-1,25644,1,20,'http://www.ctv.in',0),
 (25665,'TV9',-1,25644,1,21,'http://tv9.net/Tv9-andhrapradesh/home_tel.htm',0),
 (25666,'SNTV',-1,25644,1,22,'http://www.snehatv.net',0),
 (25667,'TV5',-1,25644,1,23,'http://www.tv5news.in',0),
 (25668,'SakshiTV',-1,25644,1,24,'http://tv.sakshi.com',0),
 (25669,'Saradaga',-1,25644,1,25,'http://www.saradaga2.com',0),
 (25670,'Morning Star',-1,25644,1,26,'http://arundathy.blogspot.com',0),
 (25671,'Tamil',224,25643,0,6,'',0),
 (25672,'Dinamalar',-1,25671,1,1,'http://www.dinamalar.com',0),
 (25673,'Inneram',-1,25671,1,2,'http://www.inneram.com',0),
 (25674,'Dinakaran',-1,25671,1,3,'http://www.dinakaran.com',0),
 (25675,'DailyThanthi',-1,25671,1,4,'http://www.dailythanthi.com',0),
 (25676,'WebDunia',-1,25671,1,5,'http://tamil.webdunia.com',0),
 (25677,'Vikatan',-1,25671,1,6,'http://www.vikatan.com/vc/2008/nov/vc.asp',0),
 (25678,'BehindWoods',-1,25671,1,7,'http://www.behindwoods.com',0),
 (25679,'TamilPeek',-1,25671,1,8,'http://www.tamilpeek.com',0),
 (25680,'Uyirvani',-1,25671,1,9,'http://www.uyirvani.com/forums',0),
 (25681,'ChennaiOnline',-1,25671,1,10,'http://www.chennaionline.com',0),
 (25682,'Kumudam',-1,25671,1,11,'http://www.kumudam.com',0),
 (25683,'AhaTamil',-1,25671,1,12,'http://ahatamil.com',0),
 (25684,'Adhikaalai',-1,25671,1,13,'http://www.adhikaalai.com',0),
 (25685,'Thinaboomi',-1,25671,1,14,'http://www.thinaboomi.com/',0),
 (25686,'Dinamani',-1,25671,1,15,'http://www.dinamani.com/edition/default.aspx',0),
 (25687,'Maalaimalar',-1,25671,1,16,'http://www.maalaimalar.com/',0),
 (25688,'Tamilnesan',-1,25671,1,17,'http://www.tamilnesan.com.my/',0),
 (25689,'Tamilmurasu',-1,25671,1,18,'http://tamilmurasu.tamil.sg/',0),
 (25690,'Kalkiweekly',-1,25671,1,19,'http://www.kalkiweekly.com/',0),
 (25691,'Tamilanexpress',-1,25671,1,20,'http://www.tamilanexpress.com/',0),
 (25692,'Nilacharal',-1,25671,1,21,'http://www.nilacharal.com/',0),
 (25693,'English-GreatIndia',224,25643,0,7,'',0),
 (25694,'CNN',-1,25693,1,1,'http://www.cnn.com/',0),
 (25695,'IBN-Live',-1,25693,1,2,'http://ibnlive.in.com',0),
 (25696,'HindustanTimes',-1,25693,1,3,'http://www.hindustantimes.com/Homepage/Homepage.aspx',0),
 (25697,'TimesofIndia',-1,25693,1,4,'http://timesofindia.indiatimes.com',0),
 (25698,'ExpressIndia',-1,25693,1,5,'http://www.expressindia.com/',0),
 (25699,'HINDU',-1,25693,1,6,'http://www.hinduonline.com',0),
 (25700,'DeccanChronicle',-1,25693,1,7,'http://www.deccanchronicle.com/',0),
 (25701,'EconomicTimes',-1,25693,1,8,'http://economictimes.indiatimes.com',0),
 (25702,'BusinessStandard',-1,25693,1,9,'http://www.business-standard.com/india',0),
 (25703,'DeccanHerald',-1,25693,1,10,'http://www.deccanherald.com/Content/Jan62009/update.asp',0),
 (25704,'Reuters',-1,25693,1,11,'http://in.reuters.com/',0),
 (25705,'NDTV',-1,25693,1,12,'http://www.ndtv.com/news/index.php/',0),
 (25706,'DDIndia',-1,25693,1,13,'http://www.ddindia.gov.in/',0),
 (25707,'AsianAge',-1,25693,1,14,'http://www.asianage.com/',0),
 (25708,'BharatSamachar',-1,25693,1,15,'http://www.bharatsamachar.com/',0),
 (25709,'Kannada',224,25643,0,8,'',0),
 (25710,'WebDunia',-1,25709,1,1,'http://kannada.webdunia.com',0),
 (25711,'KannadaPrabha',-1,25709,1,2,'http://www.kannadaprabha.com',0),
 (25712,'DeccanHerald',-1,25709,1,3,'http://www.deccanherald.com/Content/Jan62009/update.asp',0),
 (25713,'Prajavani',-1,25709,1,4,'http://www.prajavani.net/Content/Jan62009/update.asp',0),
 (25714,'Sirigandha',-1,25709,1,5,'http://www.sirigandha.com/search/label/online_movie',0),
 (25715,'Sanjeevini',-1,25709,1,6,'http://www.sanjevani.com',0),
 (25716,'Janathavani',-1,25709,1,7,'http://www.janathavani.com/',0),
 (25717,'Samyukthakarnataka',-1,25709,1,8,'http://www.samyukthakarnataka.com/',0),
 (25718,'Vijaykarnatakaepaper',-1,25709,1,9,'http://vijaykarnatakaepaper.com/epaper/',0),
 (25719,'Varthabharathi',-1,25709,1,10,'http://www.varthabharathi.net/',0),
 (25720,'Udayavani',-1,25709,1,11,'http://www.udayavani.com/home.asp?lang=1',0),
 (25721,'Tatvavada',-1,25709,1,12,'http://www.tatvavada.org/magazines/tatvavada/kan/',0),
 (25722,'Tarangaonline',-1,25709,1,13,'http://www.tarangaonline.com/taranga/index1.asp',0),
 (25723,'Yakshagana',-1,25709,1,14,'http://www.yakshagana.com/',0),
 (25724,'Kannadadhvani',-1,25709,1,15,'http://kannadadhvani.com/',0),
 (25725,'Vishvakannada',-1,25709,1,16,'http://vishvakannada.com/?q=node',0),
 (25726,'Malayalam',224,25643,0,9,'',0),
 (25727,'WebDunia',-1,25726,1,1,'http://malayalam.webdunia.com/',0),
 (25728,'NewKerala',-1,25726,1,2,'http://www.newkerala.com',0),
 (25729,'Olangal',-1,25726,1,3,'http://olangal.com',0),
 (25730,'Deepika',-1,25726,1,4,'http://www.deepika.com',0),
 (25731,'Mathrubhumi',-1,25726,1,5,'http://www.mathrubhumi.com',0),
 (25732,'Deshabhimani',-1,25726,1,6,'http://www.deshabhimani.com/index.aspx',0),
 (25733,'Manorama',-1,25726,1,7,'http://www.manoramaonline.com',0),
 (25734,'Videoduniya',-1,25726,1,8,'http://www.videoduniya.com',0),
 (25735,'Punjabi',224,25643,0,10,'',0),
 (25736,'WebDunia',-1,25735,1,1,'http://punjabi.webdunia.com/',0),
 (25737,'Ajit',-1,25735,1,2,'http://www.ajitjalandhar.com/redirect.php',0),
 (25738,'ApnaView',-1,25735,1,3,'http://www.apnaview.com',0),
 (25739,'LivePunjab',-1,25735,1,4,'http://www.livepunjab.com',0),
 (25740,'Gujarati',224,25643,0,11,'',0),
 (25741,'WebDunia',-1,25740,1,1,'http://gujarati.webdunia.com/',0),
 (25742,'Samachar',-1,25740,1,2,'http://www.gujaratsamachar.com',0),
 (25743,'Sandesh',-1,25740,1,3,'http://www.sandesh.com',0),
 (25744,'Sambhaav',-1,25740,1,4,'http://www.sambhaav.com',0),
 (25745,'JaiHind',-1,25740,1,5,'http://www.jaihinddaily.com/mainpage.asp',0),
 (25746,'GujaratiNet',-1,25740,1,6,'http://www.gurjari.net',0),
 (25747,'Chitralekha',-1,25740,1,7,'http://www.chitralekha.com',0),
 (25748,'AkilIndia',-1,25740,1,8,'http://www.akilaindia.com/daily/index.html',0),
 (25749,'DiyaBhaskar',-1,25740,1,9,'http://epaper.divyabhaskar.co.in',0),
 (25750,'Pustakalay',-1,25740,1,10,'http://pustakalay.com/movies.html',0),
 (25751,'Marathi',224,25643,0,12,'',0),
 (25752,'WebDunia',-1,25751,1,1,'http://marathi.webdunia.com/',0),
 (25753,'Dainikaikya',-1,25751,1,2,'http://www.dainikaikya.com/index.htm',0),
 (25754,'DeshDoot',-1,25751,1,3,'http://deshdoot.com',0),
 (25755,'Pudhari',-1,25751,1,4,'http://epaper.pudhari.com/epapermain.aspx',0),
 (25756,'Saamna',-1,25751,1,5,'http://www.saamna.com/',0),
 (25757,'TarunBharat',-1,25751,1,6,'http://www.tarunbharat.com',0),
 (25758,'Loksatta',-1,25751,1,7,'http://www.loksatta.com',0),
 (25759,'Oriya',224,25643,0,13,'',0),
 (25760,'Dharitri',-1,25759,1,1,'http://www.dharitri.com',0),
 (25761,'OrisaSambad',-1,25759,1,2,'http://www.orissasambad.com',0),
 (25762,'TheSamaja',-1,25759,1,3,'http://www.thesamaja.com/home.php',0),
 (25763,'Pragativadi',-1,25759,1,4,'http://www.pragativadi.com',0),
 (25764,'Bengali',224,25643,0,14,'',0),
 (25765,'WebDunia',-1,25764,1,1,'http://bengali.webdunia.com/',0),
 (25766,'Pratidin',-1,25764,1,2,'http://www.sangbadpratidin.in/index.php',0),
 (25767,'BBC-Bengali',-1,25764,1,3,'http://www.bbc.co.uk/bengali',0),
 (25768,'Hindi',224,25643,0,15,'',0),
 (25769,'WebDunia',-1,25768,1,1,'http://msn.webdunia.com',0),
 (25770,'Baskar',-1,25768,1,2,'http://www.bhaskar.com',0),
 (25771,'Jagran',-1,25768,1,3,'http://in.jagran.yahoo.com',0),
 (25772,'NavaBharatTimes',-1,25768,1,4,'http://navbharattimes.indiatimes.com',0),
 (25773,'IndiaFM',-1,25768,1,5,'http://www.bollywoodhungama.com',0),
 (25774,'NowRunning',-1,25768,1,6,'http://www.nowrunning.com',0),
 (25775,'BBC-Hindi',-1,25768,1,7,'http://www.bbc.co.uk/hindi',0),
 (25776,'Urdu',224,25643,0,16,'',0),
 (25777,'Sahilonline',-1,25776,1,1,'http://www.sahilonline.org/urdu/',0),
 (25778,'Milap',-1,25776,1,2,'http://www.milap.com/',0),
 (25779,'Munsifdaily',-1,25776,1,3,'http://www.munsifdaily.com/',0),
 (25780,'Urdutimes',-1,25776,1,4,'http://www.urdutimes.in/',0),
 (25781,'Dailyaftab',-1,25776,1,5,'http://www.dailyaftab.com/',0),
 (25782,'Devotional',224,-1,0,17,'',0),
 (25783,'ArtisticRelaxation',-1,25782,1,1,'http://www.allibilli.com/devotional/nadaswaramAndDrums.html',0),
 (25784,'Early Morning',-1,25782,1,2,'http://www.allibilli.com/devotional/devotional.html',0),
 (25785,'India Calling Cards',224,-1,0,18,'',0),
 (25786,'RAZA',-1,25785,1,1,'http://www.raza.com/',0),
 (25787,'Puredial',-1,25785,1,2,'http://www.puredial.com/',0),
 (25788,'LocalPhone',-1,25785,1,3,'http://www.localphone.com/',0),
 (25789,'IndiaLD',-1,25785,1,4,'http://www.indiald.com/',0),
 (25790,'Airtel',-1,25785,1,5,'https://www.airtelcallhome.com/',0),
 (25791,'Reliance',-1,25785,1,6,'https://www.relianceglobalcall.com/index.aspx',0),
 (25792,'IndiaMinutes',-1,25785,1,7,'https://www.indiaminutes.com/',0),
 (25793,'Stanacard',-1,25785,1,8,'http://www.stanacard.com/en/home.aspx',0),
 (25794,'Rebtel',-1,25785,1,9,'http://www.rebtel.com/',0),
 (25795,'Vonageworld',-1,25785,1,10,'http://www.vonageworld.com/',0),
 (25796,'Pingo',-1,25785,1,11,'http://www.pingo.com/',0),
 (25797,'IndiaMinutes',-1,25785,1,12,'https://www.indiaminutes.com/',0),
 (25798,'Speedypin',-1,25785,1,13,'http://speedypin.com/phone/cards/India',0),
 (25799,'Nymgo',-1,25785,1,14,'http://www.nymgo.com/',0),
 (25800,'Unlimited',-1,25785,1,15,'http://unlimitedindiacalling.com/',0),
 (25801,'Sports & WorldTV',224,-1,0,19,'',0),
 (25802,'Cricket',224,25801,0,20,'',0),
 (25803,'Espn360',-1,25802,1,1,'http://espn360.com/',0),
 (25804,'CricInfo',-1,25802,1,2,'http://www.cricinfo.com',0),
 (25805,'Live Cricket',-1,25802,1,3,'http://www.cric7.com',0),
 (25806,'Cick Live',-1,25802,1,4,'http://cric24.co.cc/',0),
 (25807,'Cicket Live',-1,25802,1,5,'http://abcric.blogspot.com/',0),
 (25808,'Highlets',-1,25802,1,6,'http://cricketsbestvideos.blogspot.com/',0),
 (25809,'Live Cover',-1,25802,1,7,'http://extracover.net/index2.html',0),
 (25810,'Need Cricket Live',-1,25802,1,8,'http://need4cric.blogspot.com/',0),
 (25811,'TnlCricket',-1,25802,1,9,'http://www.tnlcricket.com/',0),
 (25812,'Cricket Action',-1,25802,1,10,'http://www.action8cricket.com/',0),
 (25813,'Cricket Bolly',-1,25802,1,11,'http://livecricket.bollym4u.com/',0),
 (25814,'Cricket Nirvana',-1,25802,1,12,'http://www.cricketnirvana.com/',0),
 (25815,'Cricket Live',-1,25802,1,13,'http://live-cricket-videos.blogspot.com/',0),
 (25816,'SocialNetworkingWebsites',224,-1,0,21,'',0),
 (25817,'Linkedin',-1,25816,1,1,'http://www.linkedin.com/',0),
 (25818,'Orkut',-1,25816,1,2,'http://www.orkut.com/',0),
 (25819,'Hi5',-1,25816,1,3,'http://hi5.com/',0),
 (25820,'Symbaloo',-1,25816,1,4,'http://symbaloo.com',0),
 (25821,'Facebook',-1,25816,1,5,'http://www.facebook.com/',0),
 (25822,'Friendster',-1,25816,1,6,'http://www.friendster.com/',0),
 (25823,'Myspace',-1,25816,1,7,'http://www.myspace.com/',0),
 (25824,'Xing',-1,25816,1,8,'http://www.xing.com/',0),
 (25825,'Ecademy',-1,25816,1,9,'http://www.ecademy.com/',0),
 (25826,'Ryze',-1,25816,1,10,'http://www.ryze.com/',0),
 (25827,'Doostang',-1,25816,1,11,'http://www.doostang.com/',0),
 (25828,'Twitter',-1,25816,1,12,'http://twitter.com/',0),
 (25829,'43things',-1,25816,1,13,'http://www.43things.com/',0),
 (25830,'Stumbleupon',-1,25816,1,14,'http://www.stumbleupon.com/',0),
 (25831,'Ecademy',-1,25816,1,15,'http://www.ecademy.com/',0),
 (25832,'Buzznet',-1,25816,1,16,'http://www.buzznet.com/',0),
 (25833,'Bebo',-1,25816,1,17,'http://www.bebo.com/c/site/index',0),
 (25834,'Perfspot',-1,25816,1,18,'http://www.perfspot.com/Default.asp?',0),
 (25835,'Zorpia',-1,25816,1,19,'http://in.zorpia.com/',0),
 (25836,'Netlog',-1,25816,1,20,'http://netlog.com/ ',0),
 (25837,'Yahoo',-1,25816,1,21,'http://in.yahoo.com/?p=us',0),
 (25838,'Classmates',-1,25816,1,22,'http://www.classmates.com/',0),
 (25839,'Ning',-1,25816,1,23,'http://www.ning.com/',0),
 (25840,'Myyearbook',-1,25816,1,24,'http://www.myyearbook.com/',0),
 (25841,'Multiply',-1,25816,1,25,'http://multiply.com/',0),
 (25842,'Meetup',-1,25816,1,26,'http://www.meetup.com/',0),
 (25843,'Blackplanet',-1,25816,1,27,'http://www.blackplanet.com/',0),
 (25844,'Piczo',-1,25816,1,28,'http://www.piczo.com/?cr=3',0),
 (25845,'Fotolog',-1,25816,1,29,'http://www.fotolog.com/',0),
 (25846,'Skyrock',-1,25816,1,30,'http://www.skyrock.com/',0),
 (25847,'Badoo',-1,25816,1,31,'http://badoo.com/index.phtml',0),
 (25848,'Skype',-1,25816,1,32,'http://www.skype.com/intl/en/welcomeback/',0),
 (25849,'Zoho',-1,25816,1,33,'http://www.zoho.com/',0),
 (25850,'Wayn',-1,25816,1,34,'http://www.wayn.com/waynsplash.html',0),
 (25851,'Mashable',-1,25816,1,35,'http://mashable.com/',0),
 (25852,'Cargurus',-1,25816,1,36,'http://www.cargurus.com/',0),
 (25853,'Cingo',-1,25816,1,37,'http://cingo.com/',0),
 (25854,'Mashable',-1,25816,1,38,'http://mashable.com/2007/10/23/social-networking-god/',0),
 (25855,'US Deals',225,-1,0,22,'',1),
 (25856,'NewEgg',-1,25855,1,1,'http://www.newegg.com/',0),
 (25857,'Deals2Buy',-1,25855,1,2,'http://www.deals2buy.com/',0),
 (25858,'Slick Deals',-1,25855,1,3,'http://www.slickdeals.net/',0),
 (25859,'DealsofAmerica',-1,25855,1,4,'http://www.dealsofamerica.com/',0),
 (25860,'Wirefly',-1,25855,1,5,'http://www.wirefly.com/',0),
 (25861,'LetsTalk',-1,25855,1,6,'http://www.letstalk.com',0),
 (25862,'dell',-1,25855,1,7,'http://www.dell.com/',0),
 (25863,'meritline',-1,25855,1,8,'http://www.meritline.com/',0),
 (25864,'buy',-1,25855,1,9,'http://www.buy.com',0),
 (25865,'HPShopping',-1,25855,1,10,'http://www.HPShopping.com',0),
 (25866,'Logitech',-1,25855,1,11,'http://www.Logitech.com',0),
 (25867,'SuperMediaStore',-1,25855,1,12,'http://www.SuperMediaStore.com',0),
 (25868,'Tigerdirect',-1,25855,1,13,'http://www.Tigerdirect.com',0),
 (25869,'Gaiam',-1,25855,1,14,'http://www.Gaiam.com',0),
 (25870,'Lenovo',-1,25855,1,15,'http://www.Lenovo.com',0),
 (25871,'CircuitCity',-1,25855,1,16,'http://www.CircuitCity.com',0),
 (25872,'6pm',-1,25855,1,17,'http://www.6pm.com',0),
 (25873,'walmart',-1,25855,1,18,'http://www.walmart.com/',0),
 (25874,'bestbuy',-1,25855,1,19,'http://www.bestbuy.com/',0),
 (25875,'meijer',-1,25855,1,20,'http://www.meijer.com/home.jsp?cmpid=CASEM',0),
 (25876,'marsh',-1,25855,1,21,'http://www.marsh.net/',0),
 (25877,'cvs',-1,25855,1,22,'http://www.cvs.com/CVSApp/user/home/home.jsp',0),
 (25878,'UK Deals',225,-1,0,23,'',0),
 (25879,'HotUKDeals',-1,25878,1,1,'http://www.hotukdeals.com/',0),
 (25880,'Pricerunner',-1,25878,1,2,'http://www.pricerunner.co.uk/',0),
 (25881,'Kelkoo',-1,25878,1,3,'http://www.kelkoo.co.uk/',0),
 (25882,'Amazon',-1,25878,1,4,'http://www.amazon.co.uk/',0),
 (25883,'UKDeals',-1,25878,1,5,'http://www.ukdeals.org/',0),
 (25884,'DigitalDealsUK',-1,25878,1,6,'http://www.digitaldealsuk.com/',0),
 (25885,'VoucherFrenzy',-1,25878,1,7,'http://voucherfrenzy.co.uk/',0),
 (25886,'Orange',-1,25878,1,8,'http://www.orange.co.uk/',0),
 (25887,'Guardian',-1,25878,1,9,'http://www.guardian.co.uk/deals',0),
 (25888,'MyVoucherCodes',-1,25878,1,10,'http://www.myvouchercodes.co.uk/',0),
 (25889,'Andaman and Nicobar',226,-1,0,24,'',0),
 (25890,'AndNic',-1,25889,1,1,'http://www.and.nic.in/',0),
 (25891,'Andaman and Nicobar Goidirectory',-1,25889,1,2,'http://goidirectory.nic.in/andaman.htm ',0),
 (25892,'Andaman and Nicobar Sarkaritel',-1,25889,1,3,'http://www.sarkaritel.com/states/andaman_nicobar/index.htm',0),
 (25893,'Mapsofindia',-1,25889,1,4,'http://www.mapsofindia.com/maps/andamanandnicobar/andamanandnicobar.htm ',0),
 (25894,'Andaman and Nicobar Knowindia',-1,25889,1,5,'http://india.gov.in/knowindia/ut_andaman.php',0),
 (25895,'LabourNic',-1,25889,1,6,'http://labour.and.nic.in/',0),
 (25896,'Andaman&Nicobar Gov',-1,25889,1,7,'http://india.gov.in/state_categ.php?stateid=AN&statename=Andaman+and+Nicobar+%28UT%29',0),
 (25897,'Andaman',-1,25889,1,8,'http://www.andaman.org.in/',0),
 (25898,'TourisminIndia',-1,25889,1,9,'http://www.tourisminindia.com/indiainfo/states/andamannicobar/index.htm',0),
 (25899,'Jobofmine',-1,25889,1,10,'http://www.jobofmine.com/job/search/country/India/state/Andaman+and+Nicobar+Islands/industry/Government+and+Military',0),
 (25900,'Antya',-1,25889,1,11,'http://www.antya.com/detail/Public-Works-Department,-Andaman-and-Nicobar/20549',0),
 (25901,'Tradereader',-1,25889,1,12,'http://www.tradereader.com/Tenders/ANDAMAN-AND-NICOBAR',0),
 (25902,'Andhra Pradesh',226,-1,0,25,'',0),
 (25903,'APonlineGov',-1,25902,1,1,'http://www.aponline.gov.in/apportal/index.asp',0),
 (25904,'PortalAPGov',-1,25902,1,2,'http://www.portal.ap.gov.in/Pages/Home.aspx',0),
 (25905,'APNic',-1,25902,1,3,'http://www.ap.nic.in/',0),
 (25906,'APTourism',-1,25902,1,4,'http://www.aptourism.in/',0),
 (25907,'GoirAPGov',-1,25902,1,5,'http://goir.ap.gov.in/',0),
 (25908,'Andhra Pradesh Goidirectory',-1,25902,1,6,'http://goidirectory.nic.in/andhra.htm',0),
 (25909,'AP_Agrisnet',-1,25902,1,7,'http://agri.ap.nic.in/',0),
 (25910,'APgovHhyderabad',-1,25902,1,8,'http://www.hyderabad.ap.gov.in/ ',0),
 (25911,'Chief Electoral Officer AP',-1,25902,1,9,'http://ceoandhra.nic.in/',0),
 (25912,'Arunachal Pradesh',226,-1,0,26,'',0),
 (25913,'ArunachalpradeshNic',-1,25912,1,1,'http://arunachalpradesh.nic.in/',0),
 (25914,'Arunachal Pradesh Goidirectory',-1,25912,1,2,'http://goidirectory.nic.in/arunachal.htm ',0),
 (25915,'Arunachalipr Gov',-1,25912,1,3,'http://arunachalipr.gov.in/',0),
 (25916,'Arunachal Pradesh Sarkaritel',-1,25912,1,4,'http://www.sarkaritel.com/states/arunachal_pradesh/index.htm',0),
 (25917,'ArunachalplanNic',-1,25912,1,5,'http://arunachalplan.nic.in/',0),
 (25918,'AppscGov',-1,25912,1,6,'http://www.appsc.gov.in/',0),
 (25919,'ArunpolGov',-1,25912,1,7,'http://arunpol.gov.in/',0),
 (25920,'Arunachal Pradesh Webindia123',-1,25912,1,8,'http://www.webindia123.com/government/govt_dir/list_desi.asp?state_name=Arunachal+Pradesh',0),
 (25921,'aArunachalForests',-1,25912,1,9,'http://arunachalforests.nic.in/',0),
 (25922,'Mapsofindia',-1,25912,1,10,'http://www.mapsofindia.com/arunachal-pradesh/government-politics/',0),
 (25923,'NagalandNic',-1,25912,1,11,'http://www.nagaland.nic.in/',0),
 (25924,'Assam',226,-1,0,27,'',0),
 (25925,'AssamGovt',-1,25924,1,1,'http://assamgovt.nic.in/',0),
 (25926,'Assam Sarkaritel',-1,25924,1,2,'http://www.sarkaritel.com/states/assam/index.htm',0),
 (25927,'Assam Goidirectory',-1,25924,1,3,'http://goidirectory.nic.in/assam.htm',0),
 (25928,'Janasanyogassam',-1,25924,1,4,'http://janasanyogassam.nic.in/',0),
 (25929,'Assamppp',-1,25924,1,5,'http://assamppp.gov.in/',0),
 (25930,'AssamGov',-1,25924,1,6,'http://www.assamgov.org/new/policy.asp?id=4',0),
 (25931,'AssamTourism',-1,25924,1,7,'http://www.assamtourism.org/',0),
 (25932,'Sdmassam',-1,25924,1,8,'http://sdmassam.nic.in/',0),
 (25933,'Webindia123',-1,25924,1,9,'http://www.webindia123.com/government/govt_dir/list_desi.asp?state_name=Assam',0),
 (25934,'Bihar',226,-1,0,28,'',0),
 (25935,'Gov.bih',-1,25934,1,1,'http://gov.bih.nic.in/ ',0),
 (25936,'Bihar Goidirectory',-1,25934,1,2,'http://goidirectory.nic.in/bihar.htm',0),
 (25937,'Biharonline',-1,25934,1,3,'http://www.biharonline.gov.in/',0),
 (25938,'Bihar Sarkaritel',-1,25934,1,4,'http://www.sarkaritel.com/states/bihar/website_bihar.htm',0),
 (25939,'Wrd bih',-1,25934,1,5,'http://wrd.bih.nic.in/',0),
 (25940,'Tourismbihar',-1,25934,1,6,'http://www.tourismbihar.org/',0),
 (25941,'Jaibihar',-1,25934,1,7,'http://jaibihar.com/bihar-govt-amends-rti-rules-activists-annoyed/200914669.html',0),
 (25942,'Chandigarh',226,-1,0,29,'',0),
 (25943,'ChandigarhGovt',-1,25942,1,1,'http://chandigarh.gov.in/',0),
 (25944,'Chandigarh Goidirectory',-1,25942,1,2,'http://goidirectory.nic.in/chandi.htm',0),
 (25945,'Gmch',-1,25942,1,3,'http://gmch.nic.in/',0),
 (25946,'Dinesh',-1,25942,1,4,'http://www.dinesh.com/India/states/chandigarh/government.html',0),
 (25947,'Chandigarhcityinfo',-1,25942,1,5,'http://chandigarhcityinfo.com/listing2/mid/20_71/file/Government-Government-of-India/index.htm',0),
 (25948,'PassportChd',-1,25942,1,6,'http://passport.chd.nic.in/',0),
 (25949,'ChandigarhGov',-1,25942,1,7,'http://chandigarh.gov.in/egov_jsmpk.htm',0),
 (25950,'Chhattisgarh',226,-1,0,30,'',0),
 (25951,'Chhattisgarh Govt',-1,25950,1,1,'http://chhattisgarh.nic.in/',0),
 (25952,'Chhattisgarh Goidirectory',-1,25950,1,2,'http://goidirectory.nic.in/chhattis.htm',0),
 (25953,'CGNet',-1,25950,1,3,'http://www.cgnet.in/',0),
 (25954,'Chhattisgarh Webindia123',-1,25950,1,4,'http://www.webindia123.com/government/govt_dir/list_desi.asp?state_name=Chattisgarh',0),
 (25955,'Dinesh',-1,25950,1,5,'http://www.dinesh.com/India/states/chhattisgarh/government.html',0),
 (25956,'ChhattisgarhGov',-1,25950,1,6,'http://india.gov.in/state_categ.php?stateid=CG&statename=Chhattisgarh',0),
 (25957,'Agridept',-1,25950,1,7,'http://agridept.cg.gov.in/',0),
 (25958,'Binayaksen',-1,25950,1,8,'http://www.binayaksen.net/topic/chhattisgarh-government/',0),
 (25959,'Dadra and Nagar Haveli',226,-1,0,31,'',0),
 (25960,'DnhNic',-1,25959,1,1,' http://www.dnh.nic.in/',0),
 (25961,'Dadra&NagarHaveli Govt',-1,25959,1,2,'http://india.gov.in/state_categ.php?stateid=DN&statename=Dadra+and+Nagar+Haveli+%28UT%29',0),
 (25962,'Ceodnh',-1,25959,1,3,'http://ceodnh.nic.in/',0),
 (25963,'Surfindia',-1,25959,1,4,'http://www.surfindia.com/dadra-nagar-haveli/',0),
 (25964,'OnlineTourism',-1,25959,1,5,'http://www.onlinetourismindia.com/india-tourism-guide/dadra-and-nagar-haveli-tourism-guide.html',0),
 (25965,'Iguide',-1,25959,1,6,'http://iguide.travel/Dadra_and_Nagar_Haveli',0),
 (25966,'Daman and Diu',226,-1,0,32,'',0),
 (25967,'DamanNic',-1,25966,1,1,'http://www.daman.nic.in/',0),
 (25968,'Daman&Diu Sarkaritel',-1,25966,1,2,'http://www.sarkaritel.com/states/daman_diu/',0),
 (25969,'Daman&Diu Govt',-1,25966,1,3,'http://india.gov.in/state_categ.php?stateid=DD&statename=Daman+and+Diu+%28UT%29',0),
 (25970,'Daman&Diu Goidirectory',-1,25966,1,4,'http://goidirectory.nic.in/daman.htm',0),
 (25971,'Holidayiq',-1,25966,1,5,'http://www.holidayiq.com/states/Daman-Diu-Overview.html',0),
 (25972,'Indiaseek',-1,25966,1,6,'http://www.indiaseek.com/daman-diu/',0),
 (25973,'Delhi ',226,-1,0,33,'',0),
 (25974,'Delhigovt',-1,25973,1,1,'http://delhigovt.nic.in/index.asp',0),
 (25975,'DelhiGov',-1,25973,1,2,'http://delhi.gov.in/wps/wcm/connect/doit/Delhi+Govt/Delhi+Home',0),
 (25976,'Delhi Goidirectory',-1,25973,1,3,'http://goidirectory.nic.in/delhi.htm',0),
 (25977,'DoIT_Health',-1,25973,1,4,'http://www.delhi.gov.in/wps/wcm/connect/DoIT_Health/health/home/',0),
 (25978,'DoIT_Transport',-1,25973,1,5,'http://www.delhi.gov.in/wps/wcm/connect/DoIT_Transport/transport/home',0),
 (25979,'Indiahousing',-1,25973,1,6,'http://www.indiahousing.com/delhi/delhi-govt.html',0),
 (25980,'Delhioh',-1,25973,1,7,'http://www.delhi.oh.us/',0),
 (25981,'Delhitourism',-1,25973,1,8,'http://delhitourism.nic.in/index.aspx',0),
 (25982,'Goa',226,-1,0,34,'',0),
 (25983,'Goagovt',-1,25982,1,1,'http://www.goagovt.nic.in/othweb.htm',0),
 (25984,'Goa Sarkaritel',-1,25982,1,2,'http://www.sarkaritel.com/states/goa/index.htm',0),
 (25985,'Goa Goidirectory',-1,25982,1,3,'http://goidirectory.nic.in/goa.htm',0),
 (25986,'Goachamber',-1,25982,1,4,'http://www.goachamber.org/cms/index.php?option=com_content&task=section&id=6&Itemid=16',0),
 (25987,'GoaGov',-1,25982,1,5,'https://www.goa.gov.in/',0),
 (25988,'Gujarat',226,-1,0,35,'',0),
 (25989,'GujaratIndia',-1,25988,1,1,'http://www.gujaratindia.com/about-gujarat/about_gujarat.htm',0),
 (25990,'GujNic',-1,25988,1,2,'http://guj.nic.in/guj.htm',0),
 (25991,'Gujarat4u',-1,25988,1,3,'http://www.gujarat4u.com/bussinessdirectory/default.asp?mode=anywords&search=government',0),
 (25992,'Dmoz',-1,25988,1,4,'http://www.dmoz.org/Regional/Asia/India/Gujarat/Government/',0),
 (25993,'Gujenvfor',-1,25988,1,5,'http://gujenvfor.gswan.gov.in/',0),
 (25994,'Haryana',226,-1,0,36,'',0),
 (25995,'HaryanaGov',-1,25994,1,1,'http://haryana.gov.in/ ',0),
 (25996,'Haryana Goidirectory',-1,25994,1,2,'http://goidirectory.nic.in/haryana.htm',0),
 (25997,'HaryanaNic',-1,25994,1,3,'http://haryana.nic.in/government/admin.htm',0),
 (25998,'Haryana-online',-1,25994,1,4,'http://www.haryana-online.com/Government/government.htm',0),
 (25999,'ChandigarhCityInfo',-1,25994,1,5,'http://chandigarhcityinfo.com/listing2/mid/20_70/file/Government-Haryana/index.htm',0),
 (26000,'Finhry',-1,25994,1,6,'http://www.finhry.gov.in/',0),
 (26001,'OnlineService',-1,25994,1,7,'http://india.gov.in/howdo/onlineservice_detail.php?service=1183',0),
 (26002,'Opbharyana',-1,25994,1,8,'http://opbharyana.com/',0),
 (26003,'Himachal Pradesh',226,-1,0,37,'',0),
 (26004,'HimachalNic',-1,26003,1,1,'http://himachal.nic.in/welcome.asp',0),
 (26005,'Himachaltourism',-1,26003,1,2,'http://himachaltourism.gov.in/',0),
 (26006,'HimachalGoidirectory',-1,26003,1,3,'http://goidirectory.nic.in/himachal.htm',0),
 (26007,'Hptdc',-1,26003,1,4,'http://hptdc.nic.in/',0),
 (26008,'Himurja',-1,26003,1,5,'http://himurja.nic.in/',0),
 (26009,'HpAdmis',-1,26003,1,6,'http://admis.hp.nic.in/epension/epensionkhoj.asp',0),
 (26010,'Jammu and Kashmir',226,-1,0,38,'',0),
 (26011,'Jammu&Kashmir Sarkaritel',-1,26010,1,1,'http://www.sarkaritel.com/states/jammu_kashmir/index.htm',0),
 (26012,'Pulwama',-1,26010,1,2,'http://pulwama.nic.in/',0),
 (26013,'AjkGov',-1,26010,1,3,'http://www.ajk.gov.pk/',0),
 (26014,'Government-Politics',-1,26010,1,4,'http://www.mapsofindia.com/jammu-kashmir/government-politics/government.html',0),
 (26015,'JammuNic',-1,26010,1,5,'http://jammu.nic.in/',0),
 (26016,'JksuNic',-1,26010,1,6,'http://jksu.nic.in/',0),
 (26017,'Jkgad',-1,26010,1,7,'http://jkgad.nic.in/',0),
 (26018,'Rajouri',-1,26010,1,8,'http://rajouri.nic.in/',0),
 (26019,'Kashmironline',-1,26010,1,9,'http://www.kashmironline.net/links.asp#jkgov',0),
 (26020,'KlcOrg',-1,26010,1,10,'http://www.klc.org.pk/board/',0),
 (26021,'Jharkhand',226,-1,0,39,'',0),
 (26022,'JharkhandNic',-1,26021,1,1,'http://jharkhand.nic.in/',0),
 (26023,'Jharkhand gov',-1,26021,1,2,'http://www.jharkhand.gov.in/',0),
 (26024,'Jharkhand Goidirectory',-1,26021,1,3,'http://goidirectory.nic.in/jharkhand.htm',0),
 (26025,'Jharkhand Sarkaritel',-1,26021,1,4,'http://www.sarkaritel.com/states/jharkhand/index.htm',0),
 (26026,'Jharkhandcomtax',-1,26021,1,5,'http://jharkhandcomtax.nic.in/',0),
 (26027,'Jharkhand HighCourt',-1,26021,1,6,'http://jharkhandhighcourt.nic.in/',0),
 (26028,'Karnataka',226,-1,0,40,'',0),
 (26029,'Karnataka Govt',-1,26028,1,1,'http://www.karnataka.com/govt/links/',0),
 (26030,'Karunadu gov',-1,26028,1,2,'http://www.karunadu.gov.in/Pages/default.aspx',0),
 (26031,'KarNic',-1,26028,1,3,'http://www.kar.nic.in/',0),
 (26032,'Karnataka Goidirectory',-1,26028,1,4,'http://goidirectory.nic.in/karnataka.htm',0),
 (26033,'Dpar Kar',-1,26028,1,5,'http://dpar.kar.nic.in/',0),
 (26034,'Government-Jobs',-1,26028,1,6,'http://www.naukrihub.com/job-openings/government-jobs/karnataka.html',0),
 (26035,'Karnataka Sarkaritel',-1,26028,1,7,'http://www.sarkaritel.com/states/karnataka/index.htm',0),
 (26036,'RtoKar',-1,26028,1,8,'http://rto.kar.nic.in/',0),
 (26037,'Karunadu Gov',-1,26028,1,9,'http://www.karunadu.gov.in/Pages/default-septest.aspx',0),
 (26038,'Karnataka CyberJournalist',-1,26028,1,10,'http://cyberjournalist.org.in/karnataka.html ',0),
 (26039,'Clickindia',-1,26028,1,11,'http://www.clickindia.com/search.php?q=website+maintainence+++tender+to+the+karnataka+government',0),
 (26040,'LabourKar',-1,26028,1,12,'http://labour.kar.nic.in/',0),
 (26041,'Kerala',226,-1,0,41,'',0),
 (26042,'Kerala Gov',-1,26041,1,1,'http://www.kerala.gov.in/',0),
 (26043,'prdKerala',-1,26041,1,2,'http://www.prd.kerala.gov.in/',0),
 (26044,'Education keralaGov',-1,26041,1,3,'http://www.education.kerala.gov.in/ ',0),
 (26045,'Finance keralaGov',-1,26041,1,4,'http://www.finance.kerala.gov.in/',0),
 (26046,'Kerala Cyberjournalist',-1,26041,1,5,'http://cyberjournalist.org.in/links2.html',0),
 (26047,'Gov.keralawebdirectory',-1,26041,1,6,'http://www.keralawebdirectory.com/Government/',0),
 (26048,'123kerala Govt',-1,26041,1,7,'http://www.123kerala.com/govt.html',0),
 (26049,'Kerala Goidirectory',-1,26041,1,8,'http://goidirectory.nic.in/kerala.htm',0),
 (26050,'KeralaClick',-1,26041,1,9,'http://www.keralaclick.com/kerala-government-webistes.html',0),
 (26051,'Lakshadweep',226,-1,0,42,'',0),
 (26052,'LakshadweepNic',-1,26051,1,1,'http://lakshadweep.nic.in/ ',0),
 (26053,'Lakshadweep Goidirectory',-1,26051,1,2,'http://goidirectory.nic.in/laksha.htm',0),
 (26054,'Lakshadweep Sarkaritel',-1,26051,1,3,'http://www.sarkaritel.com/states/lakshadweep/index.htm',0),
 (26055,'Lakshadweeppress',-1,26051,1,4,'http://lakshadweeppress.nic.in/',0),
 (26056,'Lakshadweep-Overview',-1,26051,1,5,'http://www.holidayiq.com/states/Lakshadweep-Overview.html',0),
 (26057,'Politics-government',-1,26051,1,6,'http://www.mapsofindia.com/lakshadweep/politics-government/',0),
 (26058,'LDGov',-1,26051,1,7,'http://india.gov.in/howdo/service_list.php?state=LD',0),
 (26059,'LakshadweepPolice',-1,26051,1,8,'http://lakshadweeppolice.nic.in/',0),
 (26060,'Inetgiant',-1,26051,1,9,'http://lakshadweep.inetgiant.in/archive/Government-Programs',0),
 (26061,'MetrolakNic',-1,26051,1,10,'http://metrolak.nic.in/',0),
 (26062,'Madhya Pradesh',226,-1,0,43,'',0),
 (26063,'MpGov',-1,26062,1,1,'http://www.mp.gov.in/',0),
 (26064,'MpNic',-1,26062,1,2,'http://www.mp.nic.in/',0),
 (26065,'Madhya Pradesh Goidirectory',-1,26062,1,3,'http://goidirectory.nic.in/mp.htm',0),
 (26066,'MpeprocurementGov',-1,26062,1,4,'http://mpeprocurement.gov.in/Home/index.asp',0),
 (26067,'Madhya Pradesh Sarkaritel',-1,26062,1,5,'http://www.sarkaritel.com/states/madhya_pradesh/index.htm',0),
 (26068,'Prativad',-1,26062,1,6,'http://prativad.com/Govt%20Dep.htm',0),
 (26069,'MpgovJobs',-1,26062,1,7,'http://www.naukrihub.com/job-openings/government-jobs/madhya-pradesh.html',0),
 (26070,'JabalpurNic',-1,26062,1,8,'http://jabalpur.nic.in/',0),
 (26071,'Madhyapradesh Gov',-1,26062,1,9,'http://india.gov.in/knowindia/st_madhyapradesh.php',0),
 (26072,'mpGov',-1,26062,1,10,'http://www.mp.gov.in/directory/',0),
 (26073,'Maharashtra',226,-1,0,44,'',0),
 (26074,'Maharashtra Gov',-1,26073,1,1,'http://www.maharashtra.gov.in/',0),
 (26075,'Maharashtrasadan',-1,26073,1,2,'http://www.maharashtrasadan.com/website.htm',0),
 (26076,'Maharashtra Goidirectory',-1,26073,1,3,'http://goidirectory.nic.in/maha.htm',0),
 (26077,'CEO Maharashtra',-1,26073,1,4,'http://ceo.maharashtra.gov.in/',0),
 (26078,'MaharashtraNic',-1,26073,1,5,'http://maharashtra.nic.in/',0),
 (26079,'Maharashtratourism',-1,26073,1,6,'http://www.maharashtratourism.gov.in/',0),
 (26080,'Finance_Mah',-1,26073,1,7,'http://finance.mah.nic.in/',0),
 (26081,'Mahapwd',-1,26073,1,8,'http://www.mahapwd.com/',0),
 (26082,'WashimNic',-1,26073,1,9,'http://washim.nic.in/DOC/imp%20Link.htm',0),
 (26083,'Maharashtra Sarkaritel',-1,26073,1,10,'http://www.sarkaritel.com/states/maharashtra/cabinet_ministers.htm',0),
 (26084,'EnvisMaharashtra',-1,26073,1,11,'http://envis.maharashtra.gov.in/envis_data/',0),
 (26085,'Studychannel Maharashtra-Gov',-1,26073,1,12,'http://www.indiastudychannel.com/bookmarks/2457-GR-Maharashtra-Government.aspx',0),
 (26086,'Manipur',226,-1,0,45,'',0),
 (26087,'ManipurNic',-1,26086,1,1,'http://manipur.nic.in/',0),
 (26088,'Manipur Goidirectory',-1,26086,1,2,'http://goidirectory.nic.in/manipur.htm',0),
 (26089,'Manipur Sarkaritel',-1,26086,1,3,'http://www.sarkaritel.com/states/manipur/index.htm',0),
 (26090,'MizoramNic',-1,26086,1,4,'http://mizoram.nic.in/',0),
 (26091,'MeghalayaNic',-1,26086,1,5,'http://meghalaya.nic.in/',0),
 (26092,'Gov.Mnipurforest',-1,26086,1,6,'http://manipurforest.gov.in/',0),
 (26093,'ManipurNic',-1,26086,1,7,'http://search.nic.in/compass?scope=manipur&ui=sr&view-template=simpsearchall',0),
 (26094,'NagalandNic',-1,26086,1,8,'http://nagaland.nic.in/',0),
 (26095,'GbpihedGov',-1,26086,1,9,'http://gbpihed.gov.in/envis/envislinks.htm',0),
 (26096,'ManipurGov',-1,26086,1,10,'http://india.gov.in/state_categ.php?stateid=MN&statename=Manipur',0),
 (26097,'Meghalaya',226,-1,0,46,'',0),
 (26098,'MeghalayaNic',-1,26097,1,1,'http://meghalaya.nic.in/',0),
 (26099,'ShillongMeg',-1,26097,1,2,'http://shillong.meg.nic.in/',0),
 (26100,'MegindustryNic',-1,26097,1,3,'http://megindustry.nic.in/deptweb.htm',0),
 (26101,'Meghalaya Sarkaritel',-1,26097,1,4,'http://www.sarkaritel.com/states/meghalaya/index.htm',0),
 (26102,'Megindustry Gov',-1,26097,1,5,'http://megindustry.gov.in/',0),
 (26103,'Meghalaya Goidirectory',-1,26097,1,6,'http://goidirectory.nic.in/megha.htm',0),
 (26104,'MegahvtGov',-1,26097,1,7,'http://megahvt.gov.in/ ',0),
 (26105,'Megcooperation',-1,26097,1,8,'http://megcooperation.gov.in/webdirectory.htm',0),
 (26106,'TripuraGov',-1,26097,1,9,'http://tripura.nic.in',0),
 (26107,'GoVTaxation Department',-1,26097,1,10,'http://megvat.gov.in/',0),
 (26108,'Mizoram',226,-1,0,47,'',0),
 (26109,'MizoramNic',-1,26108,1,1,'http://mizoram.nic.in/',0),
 (26110,'Mizoram Gov',-1,26108,1,2,'http://mizoram.gov.in/home/index.html',0),
 (26111,'Mizoram Goidirectory',-1,26108,1,3,'http://goidirectory.nic.in/mizoram.htm',0),
 (26112,'MizobambooNic',-1,26108,1,4,'http://mizobamboo.nic.in/',0),
 (26113,'Mizoram Sarkaritel',-1,26108,1,5,'http://www.sarkaritel.com/states/mizoram/index.htm ',0),
 (26114,'Mizopwd',-1,26108,1,6,'http://mizopwd.nic.in/',0),
 (26115,'FinanceMizoram',-1,26108,1,7,'http://finance.mizoram.gov.in/',0),
 (26116,'MizoramhouseNic',-1,26108,1,8,'http://mizoramhouse.nic.in/',0),
 (26117,'Investinmizoram',-1,26108,1,9,'http://investinmizoram.nic.in/',0),
 (26118,'Desmizo',-1,26108,1,10,'http://desmizo.nic.in/',0),
 (26119,'DiprMizoram',-1,26108,1,11,'http://dipr.mizoram.gov.in/',0),
 (26120,'Nagaland',226,-1,0,48,'',0),
 (26121,'NagalandNic',-1,26120,1,1,'http://nagaland.nic.in/',0),
 (26122,'WokhaNic',-1,26120,1,2,'http://wokha.nic.in/',0),
 (26123,'Nagaland Sarkaritel',-1,26120,1,3,'http://www.sarkaritel.com/states/nagaland/index.htm',0),
 (26124,'Nagaland Goidirectory',-1,26120,1,4,'http://goidirectory.nic.in/naga.htm',0),
 (26125,'Nagaland Gov',-1,26120,1,5,'http://india.gov.in/state_categ.php?stateid=NL&statename=Nagaland',0),
 (26126,'nagalandGovt',-1,26120,1,6,'http://nagaland.net.in/',0),
 (26127,'MeghalayaNic',-1,26120,1,7,'http://meghalaya.nic.in/',0),
 (26128,'MaharashtraWeb',-1,26120,1,8,'http://www.maharashtraweb.com/Nagaland/Nagalandgovt.htm',0),
 (26129,'MizoramNic',-1,26120,1,9,'http://mizoram.nic.in/',0),
 (26130,'Nagaland Sarkaritel',-1,26120,1,10,'http://www.sarkaritel.com/states/nagaland/index.htm',0),
 (26131,'AGNagalandGov',-1,26120,1,11,'http://www.agnagaland.gov.in/',0),
 (26132,'Global Open University Nagaland',-1,26120,1,12,'http://www.government.ind.in/',0),
 (26133,'NagalandNic',-1,26120,1,13,'http://search.nic.in/compass?scope=nagaland&ui=sr&view-template=simpsearchall',0),
 (26134,'nagalandGovDepartment',-1,26120,1,14,'http://www.mapsofindia.com/nagaland/government-and-politics/departments.htm',0),
 (26135,'NagalandNic',-1,26120,1,15,'http://www.alexa.com/siteinfo/nagaland.nic.in',0),
 (26136,'FinnglNic',-1,26120,1,16,'http://finngl.nic.in/',0),
 (26137,'NagaevalNic',-1,26120,1,17,'http://nagaeval.nic.in/',0),
 (26138,'NagalandNic',-1,26120,1,18,'http://www.nagaland.nic.in/citizenservices/news/tuesday.htm',0),
 (26139,'Orissa',226,-1,0,49,'',0),
 (26140,'OrissaGovPortal',-1,26139,1,1,'http://www.orissa.gov.in/portal/default.asp',0),
 (26141,'Orissa Goidirectory',-1,26139,1,2,'http://goidirectory.nic.in/orissa.htm',0),
 (26142,'OrissaOdisha',-1,26139,1,3,'http://www.odisha.in/news/128/ARTICLE/1381/2007-09-01.html',0),
 (26143,'OrissaonlineGov',-1,26139,1,4,'http://www.orissaonline.gov.in/Site/Content/General/General.aspx?u=3',0),
 (26144,'Orissa Sarkaritel',-1,26139,1,5,'http://www.sarkaritel.com/states/orissa/index.htm',0),
 (26145,'Puducherry',226,-1,0,50,'',0),
 (26146,'PonNic',-1,26145,1,1,'http://www.pon.nic.in/',0),
 (26147,'puducherry Goidirectory',-1,26145,1,2,'http://goidirectory.nic.in/pondi.htm',0),
 (26148,'Tourism Pondicherry',-1,26145,1,3,'http://tourism.pondicherry.gov.in/',0),
 (26149,'CvoPuducherry',-1,26145,1,4,'http://cvo.puducherry.gov.in/cvo.htm',0),
 (26150,'VatPon',-1,26145,1,5,'http://vat.pon.nic.in/',0),
 (26151,'PondycentralexciseGov',-1,26145,1,6,'http://pondycentralexcise.gov.in/',0),
 (26152,'PuducherryOrg',-1,26145,1,7,'http://www.puducherry.org/web_directory/18.html',0),
 (26153,'Vigilance',-1,26145,1,8,'http://vigilance.pon.nic.in/',0),
 (26154,'Punjab',226,-1,0,51,'',0),
 (26155,'Punjabgovt',-1,26154,1,1,'http://punjabgovt.nic.in/',0),
 (26156,'Punjab_Suwidha',-1,26154,1,2,'http://suwidha.nic.in/html/punjab_website.htm',0),
 (26157,'Amritsarnic',-1,26154,1,3,'http://amritsar.nic.in/html/imp_links.htm',0),
 (26158,'Punjab Goidirectory',-1,26154,1,4,'http://goidirectory.nic.in/punjab.htm',0),
 (26159,'Pportal Punjab',-1,26154,1,5,'http://pportal.punjab.gov.pk/portal/',0),
 (26160,'Punjab sarkaritel',-1,26154,1,6,'http://www.sarkaritel.com/states/punjab/index.htm',0),
 (26161,'PbLabourGov',-1,26154,1,7,'http://pblabour.gov.in/',0),
 (26162,'Jalandhar',-1,26154,1,8,'http://jalandhar.nic.in/',0),
 (26163,'Punjabsewa',-1,26154,1,9,'http://www.punjabsewa.gov.in/pages/FAQ.jsp',0),
 (26164,'Punjab suwidha',-1,26154,1,10,'http://suwidha.nic.in/',0),
 (26165,'PunjabGovt',-1,26154,1,11,'http://www.punjabgovt.nic.in/WHATSNEW/email/Departments1.htm',0),
 (26166,'Rajasthan',226,-1,0,52,'',0),
 (26167,'Rajasthan Gov',-1,26166,1,1,'http://www.rajasthan.gov.in/',0),
 (26168,'Finance Rajasthan',-1,26166,1,2,'http://finance.rajasthan.gov.in/',0),
 (26169,'RajasthanTourism',-1,26166,1,3,'http://www.rajasthantourism.gov.in/',0),
 (26170,'Rajasthan Goidirectory',-1,26166,1,4,'http://goidirectory.nic.in/rajasthan.htm',0),
 (26171,'Dop RajasthanGov',-1,26166,1,5,'http://dop.rajasthan.gov.in/default1024.asp',0),
 (26172,'Rajenergy',-1,26166,1,6,'http://www.rajenergy.com/',0),
 (26173,'Rajrojgar',-1,26166,1,7,'http://rajrojgar.nic.in/',0),
 (26174,'RajForest',-1,26166,1,8,'http://rajforest.nic.in/',0),
 (26175,'RajGovt',-1,26166,1,9,'http://www.rajgovt.org/',0),
 (26176,'RajLabour',-1,26166,1,10,'http://rajlabour.nic.in/',0),
 (26177,'Sikkim',226,-1,0,53,'',0),
 (26178,'SikkimGov',-1,26177,1,1,'http://www.sikkim.gov.in/',0),
 (26179,'SikkimNic',-1,26177,1,2,'http://sikkim.nic.in/',0),
 (26180,'SikkimInfo',-1,26177,1,3,'http://www.sikkiminfo.net/government.htm',0),
 (26181,'Sarkaritel',-1,26177,1,4,'http://www.sarkaritel.com/states/sikkim/index.htm',0),
 (26182,'Northsikkim',-1,26177,1,5,'http://northsikkim.nic.in/',0),
 (26183,'SikkimPower',-1,26177,1,6,'http://sikkimpower.gov.in/',0),
 (26184,'Sikkim-Hrdd',-1,26177,1,7,'http://sikkim-hrdd.gov.in/',0),
 (26185,'CEOSikkim',-1,26177,1,8,'http://ceosikkim.nic.in/',0),
 (26186,'DstSikkim',-1,26177,1,9,'http://dstsikkim.gov.in/',0),
 (26187,'SikkimNic',-1,26177,1,10,'http://search.nic.in/compass?scope=sikkim&ui=sr&view-template=simpsearchall',0),
 (26188,'Sikkim-Excise',-1,26177,1,11,'http://www.sikkim-excise.gov.in/right_information.htm',0),
 (26189,'Tamil Nadu',226,-1,0,54,'',0),
 (26190,'TNGov',-1,26189,1,1,'http://www.tn.gov.in/',0),
 (26191,'Tamil Nadu Goidirectory',-1,26189,1,2,'http://goidirectory.nic.in/tamil.htm',0),
 (26192,'TNNic',-1,26189,1,3,'http://www.tn.nic.in/tnhome/tngov.html',0),
 (26193,'Dge TN Gov',-1,26189,1,4,'http://dge.tn.gov.in/',0),
 (26194,'TamilnaduTourism',-1,26189,1,5,'http://www.tamilnadutourism.org/ ',0),
 (26195,'Tenders TN',-1,26189,1,6,'http://www.tenders.tn.gov.in/innerpage.asp?choice=cr7&id=64',0),
 (26196,'tnhealth',-1,26189,1,7,'http://www.tnhealth.org/',0),
 (26197,'TNPSC',-1,26189,1,8,'http://www.tnpsc.gov.in/',0),
 (26198,'TNResults',-1,26189,1,9,'http://tnresults.nic.in/',0),
 (26199,'Tamil Nadu Gov',-1,26189,1,10,'http://gibukm.blogspot.com/2009/09/tamil-nadu-government-websites.html',0),
 (26200,'Tripura',226,-1,0,55,'',0),
 (26201,'TripuraNic',-1,26200,1,1,'http://tripura.nic.in/ ',0),
 (26202,'Tripura Goidirectory',-1,26200,1,2,'http://goidirectory.nic.in/tripura.htm',0),
 (26203,'Tripurasarkaritel',-1,26200,1,3,'http://www.sarkaritel.com/states/tripura/',0),
 (26204,'TripuraGov',-1,26200,1,4,'http://tripura.gov.in/',0),
 (26205,'NorthTripura',-1,26200,1,5,'http://northtripura.nic.in/',0),
 (26206,'Tripura Industries',-1,26200,1,6,'http://tripuraindustries.in/',0),
 (26207,'TripuraGovt',-1,26200,1,7,'http://india.gov.in/state_categ.php?stateid=TR&statename=Tripura',0),
 (26208,'TBWD',-1,26200,1,8,'http://www.tbwd.in/society/government/',0),
 (26209,'Uttar Pradesh',226,-1,0,56,'',0),
 (26210,'UP Gov Nic',-1,26209,1,1,'http://upgov.nic.in/',0),
 (26211,'UP Nicsu',-1,26209,1,2,'http://nicsu.up.nic.in/',0),
 (26212,'Uttar Pradesh Goidirectory',-1,26209,1,3,'http://goidirectory.nic.in/up.htm',0),
 (26213,'Uttar Pradesh Sarkaritel',-1,26209,1,4,'http://www.sarkaritel.com/states/uttar_pradesh/index.htm',0),
 (26214,'UP Budget',-1,26209,1,5,'http://budget.up.nic.in/',0),
 (26215,'UP Transport',-1,26209,1,6,'http://www.uptransport.org/',0),
 (26216,'Services offered by Government of Uttar Pradesh',-1,26209,1,7,'http://india.gov.in/howdo/service_list.php?state=UP',0),
 (26217,'VaranasiNic',-1,26209,1,8,'http://varanasi.nic.in/',0),
 (26218,'UP Rahat',-1,26209,1,9,'http://rahat.up.nic.in/',0),
 (26219,'Uttarakhand',226,-1,0,57,'',0),
 (26220,'Uttarakhand Gov',-1,26219,1,1,'http://gov.ua.nic.in/',0),
 (26221,'Uttarakhand Goidirectory',-1,26219,1,2,'http://goidirectory.nic.in/uttara.htm',0),
 (26222,'CellUpppc',-1,26219,1,3,'http://cell.upppc.org/',0),
 (26223,'Uttaranchal Org',-1,26219,1,4,'http://www.uttaranchal.org.uk/government.php',0),
 (26224,'Uttarakhand Sarkaritel',-1,26219,1,5,'http://www.sarkaritel.com/states/uttarachal/',0),
 (26225,'gmvnl',-1,26219,1,6,'http://www.gmvnl.com/newgmvn/',0),
 (26226,'Crimsonlogic',-1,26219,1,7,'http://www.crimsonlogic.com/corpPortalWeb/Home.jsp?ln=en',0),
 (26227,'West Bengal',226,-1,0,58,'',0),
 (26228,'West Bengal gov',-1,26227,1,1,'http://www.wbgov.com/',0),
 (26229,'West Bengal Goidirectory',-1,26227,1,2,'http://goidirectory.nic.in/wb.htm',0),
 (26230,'WB Finance',-1,26227,1,3,'http://www.wbfin.nic.in/',0),
 (26231,'WB Power',-1,26227,1,4,'http://wbpower.nic.in/',0),
 (26232,'WB Comtax',-1,26227,1,5,'http://wbcomtax.nic.in/welcome.asp',0),
 (26233,'West Bengal Sarkaritel',-1,26227,1,6,'http://www.sarkaritel.com/states/west_bengal/index.htm',0),
 (26234,'ITwb',-1,26227,1,7,'http://www.itwb.org/',0),
 (26235,'WB Dma',-1,26227,1,8,'http://www.wbdma.gov.in/htm/index_4.html',0),
 (26236,'WB Gov',-1,26227,1,9,'http://www.wbgov.com/e-gov/English/DepartmentFrame.asp?showPage=WhatIsNew.asp',0),
 (26237,'PSCwb',-1,26227,1,10,'http://www.pscwb.org.in/',0),
 (26238,'WBpassport',-1,26227,1,11,'http://passport.nic.in/',0),
 (26239,'Andhra Recipies',227,-1,0,59,'',1),
 (26240,'Sailus Kitchen',-1,26239,1,1,'http://www.sailusfood.com/categories/all_recipes_blogged_to_date/',0),
 (26241,'Mahanandi Foods',-1,26239,1,2,'http://www.nandyala.org/mahanandi/',0),
 (26242,'Aayis Recipes',-1,26239,1,3,'http://www.aayisrecipes.com/',0),
 (26243,'Mommys Cuisine',-1,26239,1,4,'http://www.mommyscuisine.com/',0),
 (26244,'MyDhaba ',-1,26239,1,5,'http://mydhaba.blogspot.com/',0),
 (26245,'SanjeevKapoor',-1,26239,1,6,'http://www.sanjeevkapoor.com/',0),
 (26246,'SimpleIndianFood',-1,26239,1,7,'http://simpleindianfood.blogspot.com/',0),
 (26247,'Cooking4AllSeasons',-1,26239,1,8,'http://cooking4allseasons.blogspot.com/',0),
 (26248,'Vahrehvah',-1,26239,1,9,'http://vahrehvah.com/',0),
 (26249,'India Local',228,-1,0,60,'',1),
 (26250,'Bus',228,26249,0,61,'',1),
 (26251,'Red Bus',-1,26250,1,1,'http://redbus.in/',0),
 (26252,'Makemytrip',-1,26250,1,2,'http://www.makemytrip.com/bus-tickets/',0),
 (26253,'Ticketvala',-1,26250,1,3,'http://www.ticketvala.com',0),
 (26254,'North and West',-1,26250,1,4,'http://www.rajnationalexpress.in',0),
 (26255,'Maharashtra',-1,26250,1,5,'http://www.prasannatours.com ',0),
 (26256,'Yatra',-1,26250,1,6,'http://www.yatra.com',0),
 (26257,'Karnataka',-1,26250,1,7,'http://www.ksrtc.in',0),
 (26258,'Customerneedz',-1,26250,1,8,'http://www.customerneedz.com',0),
 (26259,'KPN',-1,26250,1,9,'http://www.kpntravels.in',0),
 (26260,'Himachaltourism',-1,26250,1,10,'http://www.himachaltourism.net/default.asp',0),
 (26261,'Manali jammu Katra',-1,26250,1,11,'http://www.theluxurybuses.com ',0),
 (26262,'All Travels in World',-1,26250,1,12,'http://www.wordtravels.com/',0),
 (26263,'All Travels in India',-1,26250,1,13,'http://www.indiamike.com/',0),
 (26264,'Train',228,26249,0,62,'',0),
 (26265,'IRCTC',-1,26264,1,1,'http://www.irctc.co.in/',0),
 (26266,'Indian RailWay',-1,26264,1,2,'http://www.indianrail.gov.in/',0),
 (26267,'All Trains',-1,26264,1,3,'http://www.clickindia.com/travel/airline/',0),
 (26268,'South India',-1,26264,1,4,'http://www.ixigo.com/trains/trains.ixi',0),
 (26269,'AllInfo',-1,26264,1,5,'http://www.tsiindia.com/palace-on-wheels.html',0),
 (26270,'Flight',228,26249,0,63,'',0),
 (26271,'Expedia',-1,26270,1,1,'http://www.expedia.co.in/?EntryUrl=http%3A%2F%2Fwww%2Eexpedia%2Ecom%2Fdefault%2Easp&rfrr=',0),
 (26272,'Makemytrip',-1,26270,1,2,'http://us.makemytrip.com/international/jsp/international-flights/flight_landing.jsp',0),
 (26273,'Yatra',-1,26270,1,3,'http://www.yatra.com/flights.html',0),
 (26274,'TravelChaCha',-1,26270,1,4,'http://www.travelchacha.com/flights.htm',0),
 (26275,'Ixigo',-1,26270,1,5,'http://www.ixigo.com/',0),
 (26276,'All Flights',-1,26270,1,6,'http://www.goair.in/mainnews.asp',0),
 (26277,'ParamountAirways',-1,26270,1,7,'http://www.paramountairways.com/',0),
 (26278,'JetAirways',-1,26270,1,8,'http://www.hotelnepal.com/jet_airways/reservation.php',0),
 (26279,'Indian Airlines',-1,26270,1,9,'http://www.cheapindianairlines.com/',0),
 (26280,'Kingfisher',-1,26270,1,10,'http://www.flykingfisher.com/index.aspx?locale=en-US',0),
 (26281,'SpiceJet',-1,26270,1,11,'http://book.spicejet.com/skylights/cgi-bin/skylights.cgi',0),
 (26282,'Others',228,26249,0,64,'',0),
 (26283,'Ships',-1,26282,1,1,'http://lakport.nic.in/index.htm',0),
 (26284,'Ships Abroad',-1,26282,1,2,'http://www.rms-st-helena.com/quote/book-step2.php?bookingToken=12627785192108075297',0),
 (26285,'Cruise',-1,26282,1,3,'http://www.smallshipcruises.com/travelform.shtml',0),
 (26286,'TaxiCars',-1,26282,1,4,'http://www.clickindia.com/travel/auto-rentals/',0),
 (26287,'HolidayPackages',-1,26282,1,5,'http://www.clickindia.com/travel/vacation-packages/',0),
 (26288,'US to INDIA',228,-1,0,65,'',0),
 (26289,'Flights',228,26288,0,66,'',0),
 (26290,'Expedia',-1,26289,1,1,'http://www.expedia.com/',0),
 (26291,'Makemytrip',-1,26289,1,2,'http://us.makemytrip.com/international/jsp/international-flights/flight_landing.jsp',0),
 (26292,'Yatra',-1,26289,1,3,'http://www.yatra.com/flights.html',0),
 (26293,'Travelchacha',-1,26289,1,4,'http://www.travelchacha.com/',0),
 (26294,'UK to INDIA',228,-1,0,67,'',0),
 (26295,'Flights',228,26294,0,68,'',0),
 (26296,'Expedia',-1,26295,1,1,'http://www.expedia.com/',0),
 (26297,'Makemytrip',-1,26295,1,2,'http://us.makemytrip.com/international/jsp/international-flights/flight_landing.jsp',0),
 (26298,'Yatra',-1,26295,1,3,'http://www.yatra.com/flights.html',0),
 (26299,'Travelchacha',-1,26295,1,4,'http://www.travelchacha.com/',0),
 (26300,'Hoteldeals4uk',-1,26295,1,5,'http://www.hoteldeals4uk.com/',0),
 (26301,'Australia to INDIA',228,-1,0,69,'',0),
 (26302,'Flights',228,26301,0,70,'',0),
 (26303,'Expedia',-1,26302,1,1,'http://www.expedia.com/',0),
 (26304,'Makemytrip',-1,26302,1,2,'http://us.makemytrip.com/international/jsp/international-flights/flight_landing.jsp',0),
 (26305,'Yatra',-1,26302,1,3,'http://www.yatra.com/flights.html',0),
 (26306,'Travelchacha',-1,26302,1,4,'http://www.travelchacha.com/',0),
 (26307,'Alabama',229,-1,0,71,'',0),
 (26308,'Bheru',-1,26307,1,1,'http://www.alabama.bheru.com/yellowpages/',0),
 (26309,'Desizip',-1,26307,1,2,'http://alabama.desizip.com/asp/Alabama%20Home.asp',0),
 (26310,'Indian Foods Guide',-1,26307,1,3,'http://www.indianfoodsguide.com/indian-food-guide/indian-grocery-stores/united-states/alabama/mobile/',0),
 (26311,'Alaska',229,-1,0,72,'',0),
 (26312,'Indian Foods Guide',-1,26311,1,1,'http://www.indianfoodsguide.com/indian-food-guide/indian-grocery-stores/united-states/alaska/fairbanks/',0),
 (26313,'IndianRoommates',-1,26311,1,2,'http://indianroommates.sulekha.com/indianroommates-in_alaska_us.htm',0),
 (26314,'Arizona',229,-1,0,73,'',0),
 (26315,'Desizip',-1,26314,1,1,'http://arizona.desizip.com/asp/State%20Home.asp ',0),
 (26316,'Desiclub',-1,26314,1,2,'http://www.desiclub.com/classifieds/classifieds.cfm?countryIdList=1_21',0),
 (26317,'Godesi',-1,26314,1,3,'http://blog.godesi.com/',0),
 (26318,'Indian Foods Guide',-1,26314,1,4,'http://www.indianfoodsguide.com/indian-food-guide/indian-grocery-stores/united-states/arizona/phoenix/',0),
 (26319,'Arkansas',229,-1,0,74,'',0),
 (26320,'Godesi',-1,26319,1,1,'http://blog.godesi.com/indian-restaurants-in-united-states/indian-restaurants-in-arkansas-ar/ ',0),
 (26321,'BusinessNameUSA',-1,26319,1,2,'http://www.businessnameusa.com/Answers/how%20to%20get%20arkansas%20business%20license%20interior%20desi.aspx',0),
 (26322,'Indian Foods Guide',-1,26319,1,3,'http://www.indianfoodsguide.com/indian-food-guide/indian-grocery-stores/united-states/arkansas/rogers/',0),
 (26323,'California',229,-1,0,75,'',0),
 (26324,'Desiparty',-1,26323,1,1,'http://www.desiparty.com/home/home.aspx',0),
 (26325,'Despardes',-1,26323,1,2,'http://despardes.com/Restaurants/california.htm',0),
 (26326,'Indian Foods Guide',-1,26323,1,3,'http://www.indianfoodsguide.com/indian-food-guide/indian-grocery-stores/united-states/california/santa-clara/',0),
 (26327,'Connecticut',229,-1,0,76,'',0),
 (26328,'CTdesi',-1,26327,1,1,'http://www.ctdesi.com/',0),
 (26329,'Local Files',-1,26327,1,2,'http://ct.localfiles.com/production/htmls/CTC/ASS1.htm',0),
 (26330,'User Instinct',-1,26327,1,3,'http://web.userinstinct.com/9353125-desi-bazaar.htm',0),
 (26331,'Colorado',229,-1,0,77,'',0),
 (26332,'Desi Shades',-1,26331,1,1,'http://www.desishades.com/',0),
 (26333,'IndianRoommates',-1,26331,1,2,'http://indianroommates.sulekha.com/indianroommates-in_colorado_us.htm',0),
 (26334,'Despardes',-1,26331,1,3,'http://despardes.com/Restaurants/california.htm',0),
 (26335,'Delaware',229,-1,0,78,'',0),
 (26336,'Desizip',-1,26335,1,1,'http://www.desizip.com/asp/Delaware%20Desi%20Home.asp',0),
 (26337,'Indian Foods Guide',-1,26335,1,2,'http://www.indianfoodsguide.com/indian-food-guide/indian-grocery-stores/united-states/delaware/',0),
 (26338,'Copland',-1,26335,1,3,'http://copland.udel.edu/stu-org/isa/mainpages/community.html',0),
 (26339,'Florida',229,-1,0,79,'',0),
 (26340,'Indiagrid',-1,26339,1,1,'http://florida.indiagrid.com/florida-indian-classifieds-free/',0),
 (26341,'Desizip',-1,26339,1,2,'http://florida.desizip.com/asp/State%20Home.asp',0),
 (26342,'wedding service',-1,26339,1,3,'http://www.desiweddings.us/',0),
 (26343,'weddings',-1,26339,1,4,'http://www.indianweddingsite.com/',0),
 (26344,'Georgia',229,-1,0,80,'',0),
 (26345,'Events',-1,26344,1,1,'http://www.atlantadesi.com/',0),
 (26346,'IndianEvents',-1,26344,1,2,'http://www.atlantaindians.com/',0),
 (26347,'Indian Roommates',-1,26344,1,3,'http://indianroommates.sulekha.com/indianroommates-in_georgia_us.htm',0),
 (26348,'Indian Foods Guide',-1,26344,1,4,'http://www.indianfoodsguide.com/indian-food-guide/indian-restaurants/north-america/united-states/georgia/',0),
 (26349,'Hawaii',229,-1,0,81,'',0),
 (26350,'Indian Roommates',-1,26349,1,1,'http://indianroommates.sulekha.com/indianroommates-in_hawaii_us.htm',0),
 (26351,'Indians Foods Guide',-1,26349,1,2,'http://www.indianfoodsguide.com/indian-food-guide/indian-grocery-stores/united-states/hawaii/',0),
 (26352,'Idaho',229,-1,0,82,'',0),
 (26353,'Indian Roommates',-1,26352,1,1,'http://indianroommates.sulekha.com/indianroommates-in_idaho_us.htm',0),
 (26354,'Illinois',229,-1,0,83,'',0),
 (26355,'DesiChicago',-1,26354,1,1,'http://www.desichicago.net/index.php',0),
 (26356,'Indian Foods Guide',-1,26354,1,2,'http://www.indianfoodsguide.com/indian-food-guide/indian-grocery-stores/united-states/illinois/',0),
 (26357,'Indiana',229,-1,0,84,'',0),
 (26358,'Indianadesi',-1,26357,1,1,'http://www.indianadesi.com/',0),
 (26359,'Desicolumbus',-1,26357,1,2,'http://www.desicolumbus.com/',0),
 (26360,'Indian Foods Guide',-1,26357,1,3,'http://www.indianfoodsguide.com/indian-food-guide/indian-grocery-stores/united-states/indiana/',0),
 (26361,'Desiindy',-1,26357,1,4,'http://www.desiindy.com/',0),
 (26362,'Iowa',229,-1,0,85,'',0),
 (26363,'Desmoinesdesi',-1,26362,1,1,'http://www.desmoinesdesi.com/index.php',0),
 (26364,'Desiclub',-1,26362,1,2,'http://www.desiclub.com/classifieds/classifieds.cfm?CFID=426853&CFTOKEN=33703819',0),
 (26365,'Kansas',229,-1,0,86,'',0),
 (26366,'KCdesi',-1,26365,1,1,'http://www.kcdesi.com/site/index.php',0),
 (26367,'Indian Rommates',-1,26365,1,2,'http://indianroommates.sulekha.com/indianroommates-in_kansas_us.htm',0),
 (26368,'Kentucky',229,-1,0,87,'',0),
 (26369,'Desizip',-1,26368,1,1,'http://kentucky.desizip.com/asp/State%20Home.asp',0),
 (26370,'Indian Roommates',-1,26368,1,2,'http://indianroommates.sulekha.com/indianroommates-in_kentucky_us.htm',0),
 (26371,'Indian Foods Guide',-1,26368,1,3,'http://www.indianfoodsguide.com/indian-food-guide/indian-restaurants/north-america/united-states/kentucky/',0),
 (26372,'Louisiana',229,-1,0,88,'',0),
 (26373,'Indian Foods Guide',-1,26372,1,1,'http://www.indianfoodsguide.com/indian-food-guide/indian-grocery-stores/united-states/louisiana/',0),
 (26374,'Indian Roommates',-1,26372,1,2,'http://indianroommates.sulekha.com/indianroommates-in_louisiana_us.htm',0),
 (26375,'Maine',229,-1,0,89,'',0),
 (26376,'Indian Association',-1,26375,1,1,'http://www.indianassociationofmaine.com/links.html',0),
 (26377,'Indian Roommates',-1,26375,1,2,'http://indianroommates.sulekha.com/indianroommates-in_maine_us.htm',0),
 (26378,'Maryland',229,-1,0,90,'',0),
 (26379,'Events',-1,26378,1,1,'http://www.desiclub.com/ ',0),
 (26380,'Indian Foods Guide',-1,26378,1,2,'http://www.indianfoodsguide.com/indian-food-guide/indian-grocery-stores/united-states/maryland/',0),
 (26381,'Massachusetts',229,-1,0,91,'',0),
 (26382,'Desimass',-1,26381,1,1,'http://desimass.com/ ',0),
 (26383,'Desizip',-1,26381,1,2,'http://massachusetts.desizip.com/asp/State%20Home.asp ',0),
 (26384,'Indian Roommates',-1,26381,1,3,'http://indianroommates.sulekha.com/indianroommates-in_massachusetts_us.htm',0),
 (26385,'Michigan',229,-1,0,92,'',0),
 (26386,'Desizip',-1,26385,1,1,'http://michigan.desizip.com/asp/State%20Home.asp ',0),
 (26387,'Indian Foods Guide',-1,26385,1,2,'http://www.indianfoodsguide.com/indian-food-guide/indian-grocery-stores/united-states/michigan/ ',0),
 (26388,'Desi Jobs',-1,26385,1,3,'http://www.desijobs.us/',0),
 (26389,'Minnesota',229,-1,0,93,'',0),
 (26390,'Mndesies',-1,26389,1,1,'http://www.mndesies.com/ ',0),
 (26391,'Desiclub',-1,26389,1,2,'http://www.desiclub.com/classifieds/classifieds.cfm?countryIdList=1_24 ',0),
 (26392,'IndianRestaurants',-1,26389,1,3,'http://blog.godesi.com/indian-restaurants-in-united-states/indian-restaurants-in-minnesota/ ',0),
 (26393,'Mississippi',229,-1,0,94,'',0),
 (26394,'Indian Foods Guide',-1,26393,1,1,'http://www.indianfoodsguide.com/indian-food-guide/indian-grocery-stores/united-states/mississippi/',0),
 (26395,'IndianRoommates',-1,26393,1,2,'http://indianroommates.sulekha.com/indianroommates-in_mississippi_us.htm',0),
 (26396,'Missouri',229,-1,0,95,'',0),
 (26397,'Namaskar Desi',-1,26396,1,1,'http://namaskardesi.com/ ',0),
 (26398,'Indian Foods Guide',-1,26396,1,2,'http://www.indianfoodsguide.com/indian-food-guide/indian-restaurants/north-america/united-states/missouri/st.-louis/',0),
 (26399,'Indian Resaurants',-1,26396,1,3,'http://blog.godesi.com/indian-restaurants-in-united-states/indian-restaurants-in-missouri/',0),
 (26400,'Montana',229,-1,0,96,'',0),
 (26401,'Desi TV Forum',-1,26400,1,1,'http://www.desitvforum.net/ ',0),
 (26402,'Indian Foods Guide',-1,26400,1,2,'http://www.indianfoodsguide.com/indian-food-guide/indian-grocery-stores/united-states/montana/ ',0),
 (26403,'Nebraska',229,-1,0,97,'',0),
 (26404,'Nebraskadesi',-1,26403,1,1,'http://www.nebraskadesi.com/',0),
 (26405,'Indian Roommates',-1,26403,1,2,'http://indianroommates.sulekha.com/indianroommates-in_nebraska_us.htm',0),
 (26406,'Indian Foods Guide',-1,26403,1,3,'http://www.indianfoodsguide.com/indian-food-guide/indian-restaurants/north-america/united-states/nebraska/',0),
 (26407,'Nevada',229,-1,0,98,'',0),
 (26408,'Encyclopedia',-1,26407,1,1,'http://www.encyclopedia.com/doc/1P1-68801466.html',0),
 (26409,'Goby',-1,26407,1,2,'http://www.goby.com/historic-sites--in--nevada/date-anytime/pg-4',0),
 (26410,'Indian Roommates',-1,26407,1,3,'http://indianroommates.sulekha.com/indianroommates-in_nevada_us.htm',0),
 (26411,'Indian Foods Guide',-1,26407,1,4,'http://despardes.com/Restaurants/california.htm',0),
 (26412,'New Hampshire',229,-1,0,99,'',0),
 (26413,'Indian Foods Guidee',-1,26412,1,1,'http://www.indianfoodsguide.com/indian-food-guide/indian-grocery-stores/united-states/new-hampshire/',0),
 (26414,'Sulekha',-1,26412,1,2,'http://cities.sulekha.com/united-states/new-hampshire/events/Social/2009/12/aaja-nachle-new-year-s-eve-in-desi-style.htm',0),
 (26415,'IndianAssociation',-1,26412,1,3,'http://www.indianassociationofmaine.com/links.html  ',0);
INSERT INTO `treeelements` (`eleId`,`text`,`accdId`,`rootId`,`leaf`,`orderList`,`eleUrl`,`expanded`) VALUES 
 (26416,'New Jersey',229,-1,0,100,'',0),
 (26417,'Indiagrid',-1,26416,1,1,'http://newjersey.indiagrid.com/newjersey-indian-classifieds-free/',0),
 (26418,'Zagat',-1,26416,1,2,'http://www.zagat.com/Verticals/PropertyDetails.aspx?VID=8&R=101153202 ',0),
 (26419,'Sulekha',-1,26416,1,3,'http://cities.sulekha.com/new-jersey/default.htm',0),
 (26420,'New York',229,-1,0,101,'',0),
 (26421,'Desihits',-1,26420,1,1,'http://www.desihits.com/',0),
 (26422,'Desi Jobs',-1,26420,1,2,'http://www.desijobs.us/',0),
 (26423,'Sulekha',-1,26420,1,3,'http://cities.sulekha.com/new-york/default.htm',0),
 (26424,'North Carolina',229,-1,0,102,'',0),
 (26425,'Desizip',-1,26424,1,1,'http://northcarolina.desizip.com/asp/State%20Home.asp',0),
 (26426,'DesiClub',-1,26424,1,2,'http://www.desiclub.com/classifieds/classifieds.cfm?countryIdList=1_31 ',0),
 (26427,'Indian Roommates',-1,26424,1,3,'http://indianroommates.sulekha.com/indianroommates-in_north-carolina_us.htm',0),
 (26428,'Indian Foods Guide',-1,26424,1,4,'http://www.indianfoodsguide.com/indian-food-guide/indian-grocery-stores/united-states/north-carolina/winston-salem/',0),
 (26429,'North Dakota',229,-1,0,103,'',0),
 (26430,'Thokalath',-1,26429,1,1,'http://www.thokalath.com/restaurant/ ',0),
 (26431,'Indian Roommates',-1,26429,1,2,'http://indianroommates.sulekha.com/indianroommates-in_north-dakota_us.htm',0),
 (26432,'Ohio',229,-1,0,104,'',0),
 (26433,'Columbus Desi',-1,26432,1,1,'http://www.columbusdesi.com/ ',0),
 (26434,'Cleve Land Desis',-1,26432,1,2,'http://clevelanddesis.blogspot.com/2009/06/desi-doctor-from-galion.html',0),
 (26435,'Indian Roommates',-1,26432,1,3,'http://indianroommates.sulekha.com/indianroommates-in_ohio_us.htm',0),
 (26436,'Indian Foods Guide',-1,26432,1,4,'http://www.indianfoodsguide.com/indian-food-guide/indian-grocery-stores/united-states/ohio/cincinnati/',0),
 (26437,'Oklahoma',229,-1,0,105,'',0),
 (26438,'Okcdesi',-1,26437,1,1,'http://www.okcdesi.com/index.jsp',0),
 (26439,'Indian Foods Guide',-1,26437,1,2,'http://www.indianfoodsguide.com/indian-food-guide/indian-grocery-stores/united-states/oklahoma/',0),
 (26440,'Indian Roommates',-1,26437,1,3,'http://indianroommates.sulekha.com/indianroommates-in_oklahoma_us.htm ',0),
 (26441,'Oregon',229,-1,0,106,'',0),
 (26442,'Port Land Indian',-1,26441,1,1,'http://www.portlandindian.com/portland/',0),
 (26443,'Godesi',-1,26441,1,2,'http://blog.godesi.com/indian-restaurants-in-united-states/indian-restaurants-in-oregon',0),
 (26444,'Indian Roommates',-1,26441,1,3,'http://indianroommates.sulekha.com/indianroommates-in_oregon_us.htm',0),
 (26445,'Pennsylvania',229,-1,0,107,'',0),
 (26446,'Desizip',-1,26445,1,1,'http://pennsylvania.desizip.com/asp/State%20Home.asp',0),
 (26447,'Godesi',-1,26445,1,2,'http://blog.godesi.com/2009/01/hindu-temples-in-pennsylvania/ ',0),
 (26448,'Indian Roommates',-1,26445,1,3,'http://indianroommates.sulekha.com/indianroommates-in_pennsylvania_us-5.htm',0),
 (26449,'Rhode Island',229,-1,0,108,'',0),
 (26450,'Indian Roommates',-1,26449,1,1,'http://indianroommates.sulekha.com/indianroommates-in_rhode-island_us.htm',0),
 (26451,'Indian Foods Guide',-1,26449,1,2,'http://www.indianfoodsguide.com/indian-food-guide/indian-restaurants/north-america/united-states/rhode-island/kingston/',0),
 (26452,'South Carolina',229,-1,0,109,'',0),
 (26453,'Little India',-1,26452,1,1,'http://www.littleindia.com/news/123/ARTICLE/1427/2005-05-05.html',0),
 (26454,'Indian Roommates',-1,26452,1,2,'http://indianroommates.sulekha.com/indianroommates-in_south-carolina_us.htm',0),
 (26455,'Desizip',-1,26452,1,3,'http://www.desizip.com/asp/NorthCarolina%20Desi%20Home.asp',0),
 (26456,'South Dakota',229,-1,0,110,'',0),
 (26457,'Indian Roommates',-1,26456,1,1,'http://indianroommates.sulekha.com/indianroommates-in_south-dakota_us.htm',0),
 (26458,'Indian Foods Guide',-1,26456,1,2,'http://www.indianfoodsguide.com/indian-food-guide/indian-grocery-stores/united-states/south-dakota/',0),
 (26459,'Tennessee',229,-1,0,111,'',0),
 (26460,'Indian Roommates',-1,26459,1,1,'http://indianroommates.sulekha.com/indianroommates-in_tennessee_us.htm',0),
 (26461,'Indian Foods Guide',-1,26459,1,2,'http://www.indianfoodsguide.com/indian-food-guide/indian-grocery-stores/united-states/tennessee/kingsport/',0),
 (26462,'Texas',229,-1,0,112,'',0),
 (26463,'Dallas Indian',-1,26462,1,1,'http://www.dallasindian.net/dallas-indian/',0),
 (26464,'UsaIndian',-1,26462,1,2,'http://www.usaindian.net/austin/Indian-Associations-Austin-TX.asp',0),
 (26465,'Indian Foods Guide',-1,26462,1,3,'http://www.indianfoodsguide.com/indian-food-guide/indian-restaurants/north-america/united-states/texas/irving/',0),
 (26466,'Utah',229,-1,0,113,'',0),
 (26467,'Indian Foods Guide',-1,26466,1,1,'http://www.indianfoodsguide.com/indian-food-guide/indian-grocery-stores/united-states/utah/',0),
 (26468,'Indian Roommates',-1,26466,1,2,'http://indianroommates.sulekha.com/indianroommates-in_utah_us.htm',0),
 (26469,'Apnakyahai',-1,26466,1,3,'http://www.apnakyahai.com/-49/events/',0),
 (26470,'Vermont',229,-1,0,114,'',0),
 (26471,'Indian Foods Guide',-1,26470,1,1,'http://www.indianfoodsguide.com/indian-food-guide/indian-grocery-stores/united-states/vermont/',0),
 (26472,'Thokalath',-1,26470,1,2,'http://www.thokalath.com/vermont/grocery_stores.php',0),
 (26473,'Chandraat',-1,26470,1,3,'http://www.chandraat.com/index.php?cityid=47 ',0),
 (26474,'Virginia',229,-1,0,115,'',0),
 (26475,'Desizip',-1,26474,1,1,'http://virginia.desizip.com/asp/State%20Home.asp',0),
 (26476,'VAIndia',-1,26474,1,2,'http://www.vaindia.us/events.html ',0),
 (26477,'Indian Foods Guide',-1,26474,1,3,'http://www.indianfoodsguide.com/indian-food-guide/indian-grocery-stores/united-states/virginia/alexandria/ ',0),
 (26478,'indian Roommates',-1,26474,1,4,'http://indianroommates.sulekha.com/indianroommates-in_west-virginia_us.htm',0),
 (26479,'Washington',229,-1,0,116,'',0),
 (26480,'Indian Foods Guide',-1,26479,1,1,'http://www.indianfoodsguide.com/indian-food-guide/indian-grocery-stores/united-states/washington/',0),
 (26481,'Nwdesis',-1,26479,1,2,'http://www.nwdesis.com/',0),
 (26482,'West Virginia',229,-1,0,117,'',0),
 (26483,'Indian Roommates',-1,26482,1,1,'http://indianroommates.sulekha.com/indianroommates-in_west-virginia_us.htm',0),
 (26484,'Indian Foods Guide',-1,26482,1,2,'http://www.indianfoodsguide.com/indian-food-guide/indian-restaurants/north-america/united-states/west-virginia/',0),
 (26485,'Desiworld',-1,26482,1,3,'http://www.desiworld.com/ ',0),
 (26486,'Wisconsin',229,-1,0,118,'',0),
 (26487,'Godesi',-1,26486,1,1,'http://www.godesi.com/',0),
 (26488,'Indian Roommates',-1,26486,1,2,'http://indianroommates.sulekha.com/indianroommates-in_wisconsin_us.htm',0),
 (26489,'Indian Foods Guide',-1,26486,1,3,'http://www.indianfoodsguide.com/indian-food-guide/indian-grocery-stores/united-states/wisconsin/',0),
 (26490,'MADIndians',-1,26486,1,4,'http://www.madindians.com/ ',0),
 (26491,'Wyoming',229,-1,0,119,'',0),
 (26492,'Indian Roommates',-1,26491,1,1,'http://indianroommates.sulekha.com/indianroommates-in_camden-wyoming_de_us.htm',0),
 (26493,'Indian Foods Guide',-1,26491,1,2,'http://www.indianfoodsguide.com/indian-food-guide/indian-restaurants/north-america/united-states/wyoming/',0),
 (26494,'Java',230,-1,0,120,'',0),
 (26495,'In a NutShell',-1,26494,1,1,'http://docstore.mik.ua/orelly/java/javanut/index.htm',0),
 (26496,'Language Reference',-1,26494,1,2,'http://docstore.mik.ua/orelly/java/langref/index.htm',0),
 (26497,'Awt Reference',-1,26494,1,3,'http://docstore.mik.ua/orelly/java/awt/index.htm',0),
 (26498,'Fundamental Classes Reference',-1,26494,1,4,'http://docstore.mik.ua/orelly/java/fclass/index.htm',0),
 (26499,'Exploring Java',-1,26494,1,5,'http://docstore.mik.ua/orelly/java/exp/index.htm',0),
 (26500,'In a NutShell',-1,26494,1,6,'http://docstore.mik.ua/orelly/java-ent/jenut/index.htm',0),
 (26501,'In a NutShell3.0',-1,26494,1,7,'http://docstore.mik.ua/orelly/java-ent/jnut/index.htm',0),
 (26502,'Foundation Classes In a NutShell',-1,26494,1,8,'http://docstore.mik.ua/orelly/java-ent/jfc/index.htm',0),
 (26503,'Enterprise Java Bean2.0',-1,26494,1,9,'http://docstore.mik.ua/orelly/java-ent/ebeans/index.htm',0),
 (26504,'Servlet Programming',-1,26494,1,10,'http://docstore.mik.ua/orelly/java-ent/servlet/index.htm',0),
 (26505,'Security',-1,26494,1,11,'http://docstore.mik.ua/orelly/java-ent/security/index.htm',0),
 (26506,'Distributed Computing',-1,26494,1,12,'http://docstore.mik.ua/orelly/java-ent/dist/index.htm',0),
 (26507,'Perl Books',230,-1,0,121,'',0),
 (26508,'In a NutShell',-1,26507,1,1,'http://docstore.mik.ua/orelly/perl/perlnut/index.htm',0),
 (26509,'Learning Perl',-1,26507,1,2,'http://docstore.mik.ua/orelly/perl/learn/index.htm',0),
 (26510,'Learning Perl On WIN32',-1,26507,1,3,'http://docstore.mik.ua/orelly/perl/learn32/index.htm',0),
 (26511,'Programming Perl',-1,26507,1,4,'http://docstore.mik.ua/orelly/perl/prog/index.htm',0),
 (26512,'Advanced Perl Programming',-1,26507,1,5,'http://docstore.mik.ua/orelly/perl/advprog/index.htm',0),
 (26513,'Perl CookBook',-1,26507,1,6,'http://docstore.mik.ua/orelly/perl/cookbook/index.htm',0),
 (26514,'Programming Perl3.0',-1,26507,1,7,'http://docstore.mik.ua/orelly/perl/prog3/index.htm',0),
 (26515,'Perl System Admin',-1,26507,1,8,'http://docstore.mik.ua/orelly/perl/sysadmin/index.htm',0),
 (26516,'Perl and XML',-1,26507,1,9,'http://docstore.mik.ua/orelly/perl3/pxml/index.htm',0),
 (26517,'Perl and LWP',-1,26507,1,10,'http://docstore.mik.ua/orelly/perl3/lwp/index.htm',0),
 (26518,'Perl3.0',-1,26507,1,11,'http://docstore.mik.ua/orelly/perl3/lperl/index.htm',0),
 (26519,'In a NutShell2.0',-1,26507,1,12,'http://docstore.mik.ua/orelly/perl3/perlnut/index.htm',0),
 (26520,'Programming Perl3.0',-1,26507,1,13,'http://docstore.mik.ua/orelly/perl3/prog/index.htm',0),
 (26521,'Mastering Perl',-1,26507,1,14,'http://docstore.mik.ua/orelly/perl3/tk/index.htm',0),
 (26522,'Perl CookBook',-1,26507,1,15,'http://docstore.mik.ua/orelly/perl3/cookbook/index.htm',0),
 (26523,'Networking',230,-1,0,122,'',0),
 (26524,'The Networking 1.0',230,26523,0,123,'',0),
 (26525,'DNSBIND',-1,26524,1,1,'http://docstore.mik.ua/orelly/networking/dnsbind/index.htm',0),
 (26526,'TCPIP Network Administration',-1,26524,1,2,'http://docstore.mik.ua/orelly/networking/tcpip/index.htm',0),
 (26527,'SendMail',-1,26524,1,3,'http://docstore.mik.ua/orelly/networking/sendmail/index.htm',0),
 (26528,'Send Mail Desktop References',-1,26524,1,4,'http://docstore.mik.ua/orelly/networking/smdref/index.htm',0),
 (26529,'Internet FireWalls',-1,26524,1,5,'http://docstore.mik.ua/orelly/networking/firewall/index.htm',0),
 (26530,'UnixInternet Security',-1,26524,1,6,'http://docstore.mik.ua/orelly/networking/puis/index.htm',0),
 (26531,'The Networking 2.0',230,26523,0,124,'',0),
 (26532,'SSH:Secure Shell',-1,26531,1,1,'http://docstore.mik.ua/orelly/networking_2ndEd/ssh/index.htm',0),
 (26533,'TCPIP Administration3.0',-1,26531,1,2,'http://docstore.mik.ua/orelly/networking_2ndEd/tcp/index.htm',0),
 (26534,'Managing NFSNIS2.0',-1,26531,1,3,'http://docstore.mik.ua/orelly/networking_2ndEd/nfs/index.htm',0),
 (26535,'Essential SNMP',-1,26531,1,4,'http://docstore.mik.ua/orelly/networking_2ndEd/snmp/index.htm',0),
 (26536,'TroubleShooting Tools',-1,26531,1,5,'http://docstore.mik.ua/orelly/networking_2ndEd/tshoot/index.htm',0),
 (26537,'DNSBIND4.0',-1,26531,1,6,'http://docstore.mik.ua/orelly/networking_2ndEd/dns/index.htm',0),
 (26538,'Internet Firewalls2.0',-1,26531,1,7,'http://docstore.mik.ua/orelly/networking_2ndEd/fire/index.htm',0),
 (26539,'Unix',230,-1,0,125,'',0),
 (26540,'UNIX1.0',230,26539,0,126,'',0),
 (26541,'Power Tools',-1,26540,1,1,'http://docstore.mik.ua/orelly/unix/upt/index.htm',0),
 (26542,'In a NutShell',-1,26540,1,2,'http://docstore.mik.ua/orelly/unix/unixnut/index.htm',0),
 (26543,'Vi Editor',-1,26540,1,3,'http://docstore.mik.ua/orelly/unix/vi/index.htm',0),
 (26544,'SedAwk',-1,26540,1,4,'http://docstore.mik.ua/orelly/unix/sedawk/index.htm',0),
 (26545,'Korn Shell',-1,26540,1,5,'http://docstore.mik.ua/orelly/unix/ksh/index.htm',0),
 (26546,'Operating System',-1,26540,1,6,'http://docstore.mik.ua/orelly/unix/lrnunix/index.htm',0),
 (26547,'UNIX2.1',230,26539,0,127,'',0),
 (26548,'Power Tools2.0',-1,26547,1,1,'http://docstore.mik.ua/orelly/unix2.1/upt/index.htm',0),
 (26549,'In a NutShell3.0',-1,26547,1,2,'http://docstore.mik.ua/orelly/unix2.1/unixnut/index.htm',0),
 (26550,'Vi Editor6.0',-1,26547,1,3,'http://docstore.mik.ua/orelly/unix2.1/vi/index.htm',0),
 (26551,'SedAwk2.0',-1,26547,1,4,'http://docstore.mik.ua/orelly/unix2.1/sedawk/index.htm',0),
 (26552,'Korn Shell1.0',-1,26547,1,5,'http://docstore.mik.ua/orelly/unix2.1/ksh/index.htm',0),
 (26553,'Operating System4.0',-1,26547,1,6,'http://docstore.mik.ua/orelly/unix2.1/lrnunix/index.htm',0),
 (26554,'Web Developer Library',230,-1,0,128,'',0),
 (26555,'Web Developer`s Library',230,26554,0,129,'',0),
 (26556,'HTML',-1,26555,1,1,'http://docstore.mik.ua/orelly/web/html/index.html',0),
 (26557,'CGI Programming',-1,26555,1,2,'http://docstore.mik.ua/orelly/web/cgi/index.html',0),
 (26558,'java Script',-1,26555,1,3,'http://docstore.mik.ua/orelly/web/jscript/index.html',0),
 (26559,'Programming Perl',-1,26555,1,4,'http://docstore.mik.ua/orelly/web/perl/index.html',0),
 (26560,'WebMaster in a Nutshell',-1,26555,1,5,'http://docstore.mik.ua/orelly/web/webnut/index.html',0),
 (26561,'Web Developers Library1.0',230,26554,0,130,'',0),
 (26562,'In a NutShell',-1,26561,1,1,'http://docstore.mik.ua/orelly/web2/wdesign/index.htm',0),
 (26563,'HTMLXHTML4.o',-1,26561,1,2,'http://docstore.mik.ua/orelly/web2/xhtml/index.htm',0),
 (26564,'WEB Audio',-1,26561,1,3,'http://docstore.mik.ua/orelly/web2/audio/index.htm',0),
 (26565,'Cascading Style Sheets',-1,26561,1,4,'http://docstore.mik.ua/orelly/web2/css/index.htm',0),
 (26566,'ActionScript',-1,26561,1,5,'http://docstore.mik.ua/orelly/web2/action/index.htm',0),
 (26567,'Architecture',-1,26561,1,6,'http://docstore.mik.ua/orelly/web2/infoarch/index.htm',0),
 (26568,'Oracle PLSQL',230,-1,0,131,'',0),
 (26569,'Programming2.0',-1,26568,1,1,'http://docstore.mik.ua/orelly/oracle/prog2/index.htm',0),
 (26570,'Oracle8i Features',-1,26568,1,2,'http://docstore.mik.ua/orelly/oracle/guide8i/index.htm',0),
 (26571,'Packages',-1,26568,1,3,'http://docstore.mik.ua/orelly/oracle/bipack/index.htm',0),
 (26572,'Programming With Packages',-1,26568,1,4,'http://docstore.mik.ua/orelly/oracle/advprog/index.htm',0),
 (26573,'Web Applications',-1,26568,1,5,'http://docstore.mik.ua/orelly/oracle/webapp/index.htm',0),
 (26574,'Language pocket Reference',-1,26568,1,6,'http://docstore.mik.ua/orelly/oracle/langpkt/index.htm',0),
 (26575,'pocket Reference',-1,26568,1,7,'http://docstore.mik.ua/orelly/oracle/bipkt/index.htm',0),
 (26576,'Linux WebServer',230,-1,0,132,'',0),
 (26577,'In a NutShell3.0',-1,26576,1,1,'http://docstore.mik.ua/orelly/linux/lnut/index.htm',0),
 (26578,'Running Linux3.0',-1,26576,1,2,'http://docstore.mik.ua/orelly/linux/run/index.htm',0),
 (26579,'Apache2.0',-1,26576,1,3,'http://docstore.mik.ua/orelly/linux/apache/index.htm',0),
 (26580,'MySQLmSQL',-1,26576,1,4,'http://docstore.mik.ua/orelly/linux/sql/index.htm',0),
 (26581,'PERL DBI',-1,26576,1,5,'http://docstore.mik.ua/orelly/linux/dbi/index.htm',0),
 (26582,'CGI With perl',-1,26576,1,6,'http://docstore.mik.ua/orelly/linux/cgi/index.htm',0),
 (26583,'Web Programming',230,-1,0,133,'',0),
 (26584,'PHP',-1,26583,1,1,'http://docstore.mik.ua/orelly/webprog/php/index.htm',0),
 (26585,'DB MYSQl',-1,26583,1,2,'http://docstore.mik.ua/orelly/webprog/webdb/index.htm',0),
 (26586,'Web Master in a NutShell',-1,26583,1,3,'http://docstore.mik.ua/orelly/webprog/webnut/index.htm',0),
 (26587,'PHP CookBook',-1,26583,1,4,'http://docstore.mik.ua/orelly/webprog/pcook/index.htm',0),
 (26588,'JavaScript4.0',-1,26583,1,5,'http://docstore.mik.ua/orelly/webprog/jscript/index.htm',0),
 (26589,'Dyanamic HTML2.0',-1,26583,1,6,'http://docstore.mik.ua/orelly/webprog/dhtml/index.htm',0),
 (26590,'JavaScript$DHTML CookBook',-1,26583,1,7,'http://docstore.mik.ua/orelly/webprog/DHTML_javascript/',0),
 (26591,'XML',230,-1,0,134,'',0),
 (26592,'SAX2',-1,26591,1,1,'http://docstore.mik.ua/orelly/xml/sax2/index.htm',0),
 (26593,'In a NutShell2.0',-1,26591,1,2,'http://docstore.mik.ua/orelly/xml/xmlnut/index.htm',0),
 (26594,'JavaXml2.0',-1,26591,1,3,'http://docstore.mik.ua/orelly/xml/jxml/index.htm',0),
 (26595,'JAVAXSLT',-1,26591,1,4,'http://docstore.mik.ua/orelly/xml/jxslt/index.htm',0),
 (26596,'XSLT',-1,26591,1,5,'http://docstore.mik.ua/orelly/xml/xslt/index.htm',0),
 (26597,'XML Schema',-1,26591,1,6,'http://docstore.mik.ua/orelly/xml/schema/index.htm',0),
 (26598,'PERLXML',-1,26591,1,7,'http://docstore.mik.ua/orelly/xml/pxml/index.htm',0),
 (26599,'Others',230,-1,0,135,'',0),
 (26600,'Samba',-1,26599,1,1,'http://docstore.mik.ua/orelly/samba/',0),
 (26601,'Apache Models',-1,26599,1,2,'http://docstore.mik.ua/orelly/apache_mod/',0),
 (26602,'Debian GNU/LINUX',-1,26599,1,3,'http://docstore.mik.ua/orelly/dbnlinux/',0),
 (26603,'Linux Device Drivers2.0',-1,26599,1,4,'http://docstore.mik.ua/orelly/linuxdd/',0),
 (26604,'Linux Network Administrators',-1,26599,1,5,'http://docstore.mik.ua/orelly/linuxna2/',0),
 (26605,'Red Hat Linux',-1,26599,1,6,'http://docstore.mik.ua/orelly/other/LRH/',0),
 (26606,'SendMail3.0',-1,26599,1,7,'http://docstore.mik.ua/orelly/other/Sendmail_3rd/',0),
 (26607,'Apache',-1,26599,1,8,'http://docstore.mik.ua/orelly/other/apache3rd/',0),
 (26608,'CVS',-1,26599,1,9,'http://docstore.mik.ua/orelly/other/cvs/',0),
 (26609,'Enterprise JavaBeans(EJB)3.0',-1,26599,1,10,'http://docstore.mik.ua/orelly/other/ejb3rd/',0),
 (26610,'UnixInternet Security',-1,26599,1,11,'http://docstore.mik.ua/orelly/other/puis3rd/',0),
 (26611,'Python in a NutShell',-1,26599,1,12,'http://docstore.mik.ua/orelly/other/python/',0),
 (26612,'Programming Python',-1,26599,1,13,'http://docstore.mik.ua/orelly/other/python2/',0),
 (26613,'Java Swing',-1,26599,1,14,'http://docstore.mik.ua/orelly/other/swing/',0),
 (26614,'Basic English',-1,26599,1,15,'http://www.say-it-in-english.com/BasicEnglish1.html',0),
 (26615,'MusicBusiness',-1,26599,1,16,'http://www.simoncann.net/category/music-books/',0),
 (26616,'IBM Mainframes',-1,26599,1,17,'http://www.ibmmainframes.com/references.php',0),
 (26617,'Download',230,-1,0,136,'',1),
 (26618,'All Categories',-1,26617,1,1,'http://www.getfreeebooks.com/',0),
 (26619,'Message Oriented',-1,26617,1,2,'http://www.ploughbooks.co.uk/english/index.html?gclid=CIiV_OKL9pwCFcIvpAodHh0qbA',0),
 (26620,'All Technologies',-1,26617,1,3,'http://www.ebooks-space.com/ebooks',0),
 (26621,'ArticlesKnowledge',-1,26617,1,4,'http://www.indiastudychannel.com/resources/Category28.aspx',0),
 (26622,'Literature',-1,26617,1,5,'http://www.e-booksdirectory.com/',0),
 (26623,'Adobe',-1,26617,1,6,'http://www.adobe.com/',0),
 (26624,'Addons related books',-1,26617,1,7,'http://www.topshareware.com/addons-quartz-2.4.3-wow/downloads/1.htm',0),
 (26625,'OpenSource Packages',-1,26617,1,8,'https://olex.openlogic.com/packages/jasperreports#',0),
 (26626,'Music,Moviessports',-1,26617,1,9,'http://idownloadunlimited.com/movies.asp?q=',0),
 (26627,'All SAP Modules',-1,26617,1,10,'http://www.saptechies.com/category/pdf-books/',0),
 (26628,'India-JobSearchSites',231,-1,0,137,'',0),
 (26629,'JobStreet',-1,26628,1,1,'http://in.jobstreet.com/',0),
 (26630,'Jobsahead',-1,26628,1,2,'http://www.jobsahead.com/',0),
 (26631,'Naukri',-1,26628,1,3,'http://www.naukri.com/',0),
 (26632,'ABCDJobs',-1,26628,1,4,'http://abcdjobs.com/',0),
 (26633,'123oye',-1,26628,1,5,'http://www.123oye.com/',0),
 (26634,'BharathContractJobs',-1,26628,1,6,'http://www.bharathcontractjobs.com/',0),
 (26635,'BPOavenues',-1,26628,1,7,'http://www.bpoavenues.com/',0),
 (26636,'BestJobsIndia',-1,26628,1,8,'http://www.bestjobsindia.in/',0),
 (26637,'Construction Recruitments',-1,26628,1,9,'http://www.constructionrecruitments.com/',0),
 (26638,'Oneindia',-1,26628,1,10,'http://jobs.oneindia.in/',0),
 (26639,'ClickJobs',-1,26628,1,11,'http://www.clickjobs.com/',0),
 (26640,'Coolavenues',-1,26628,1,12,'http://www.coolavenues.com/',0),
 (26641,'Careerage',-1,26628,1,13,'http://www.careerage.com/ ',0),
 (26642,'Career Khazana',-1,26628,1,14,'http://www.careerkhazana.com/',0),
 (26643,'Devbistro',-1,26628,1,15,'http://www.devbistro.com/',0),
 (26644,'DevSeeker',-1,26628,1,16,'http://www.devseeker.in/',0),
 (26645,'Educational Jobsinindia',-1,26628,1,17,'http://www.educationaljobsinindia.com/',0),
 (26646,'Efinancial Careers',-1,26628,1,18,'http://www.efinancialcareers.co.uk/',0),
 (26647,'First Naukri',-1,26628,1,19,'http://www.firstnaukri.com/',0),
 (26648,'First Salary',-1,26628,1,20,'http://www.firstsalary.com/',0),
 (26649,'Freshers Home',-1,26628,1,21,'http://www.freshershome.com/',0),
 (26650,'Fundoodata Jobs',-1,26628,1,22,'http://www.fundoodatajobs.com/',0),
 (26651,'GigaJob',-1,26628,1,23,'http://in.gigajob.com/index.html',0),
 (26652,'GoldenJobs',-1,26628,1,24,'http://www.goldenjobs.com/',0),
 (26653,'HosuronLine',-1,26628,1,25,'http://jobs.hosuronline.com/',0),
 (26654,'ITplacementsIndia',-1,26628,1,26,'http://www.itplacementsindia.com/',0),
 (26655,'IndiasJobs',-1,26628,1,27,'http://www.indiasjobs.com/',0),
 (26656,'IndianJobsOnline',-1,26628,1,28,'http://www.indianjobsonline.com/',0),
 (26657,'JobConsultancy',-1,26628,1,29,'http://www.jobconsultancy.com/',0),
 (26658,'Jobcaza',-1,26628,1,30,'http://www.jobcaza.com/',0),
 (26659,'Jobdhundo',-1,26628,1,31,'http://www.jobdhundo.com/',0),
 (26660,'Jobmixi',-1,26628,1,32,'http://india.jobmixi.com/',0),
 (26661,'Jobs-Bank',-1,26628,1,33,'http://www.jobs-bank.com/',0),
 (26662,'Jobs4jaipur',-1,26628,1,34,'http://www.jobs4jaipur.com/',0),
 (26663,'JobShips',-1,26628,1,35,'http://www.jobships.com/jobships2008/jobshipsindia/homepage/',0),
 (26664,'JobsOntemp',-1,26628,1,36,'http://www.jobsontemp.com/',0),
 (26665,'Jobokplease',-1,26628,1,37,'http://www.jobokplease.com/n/index.asp',0),
 (26666,'Jobsomega',-1,26628,1,38,'http://www.jobsomega.com/',0),
 (26667,'Jobs India',-1,26628,1,39,'http://www.jobsindia.com/',0),
 (26668,'KeralaJobs',-1,26628,1,40,'http://www.keralajobs.com/',0),
 (26669,'LiveJobseek',-1,26628,1,41,'http://www.livejobseek.info/',0),
 (26670,'Learn4good',-1,26628,1,42,'http://www.learn4good.com/jobs/',0),
 (26671,'Monster India',-1,26628,1,43,'http://www.monsterindia.com/',0),
 (26672,'NaukriGuru',-1,26628,1,44,'http://www.naukriguru.com/',0),
 (26673,'Naukri2000',-1,26628,1,45,'http://www.naukri2000.com/',0),
 (26674,'Placement India',-1,26628,1,46,'http://www.placementindia.com/',0),
 (26675,'Recruithunt',-1,26628,1,47,'http://www.recruithunt.com/',0),
 (26676,'RiteJobs',-1,26628,1,48,'http://www.ritejobs.com/',0),
 (26677,'Recruit',-1,26628,1,49,'http://india.recruit.net/',0),
 (26678,'SatitJobs',-1,26628,1,50,'http://www.satitjobs.com/',0),
 (26679,'Shine',-1,26628,1,51,'http://www.shine.com/',0),
 (26680,'SubmitResume',-1,26628,1,52,'http://www.submitresume.in/',0),
 (26681,'Tamator',-1,26628,1,53,'http://www.tamator.com/',0),
 (26682,'TimesJobs',-1,26628,1,54,'http://www.timesjobs.com/',0),
 (26683,'Trail2hire',-1,26628,1,55,'http://www.trail2hire.com/',0),
 (26684,'TelecomitJobs',-1,26628,1,56,'http://www.telecomitjobs.com/',0),
 (26685,'Learn4Good',-1,26628,1,57,'http://www.learn4good.com/jobs/',0),
 (26686,'FreeJobPostingSites',231,-1,0,138,'',0),
 (26687,'Govtvacancies',-1,26686,1,1,'http://www.govtvacancies.com/',0),
 (26688,'Click',-1,26686,1,2,'http://hyderabad.click.in/',0),
 (26689,'PlacementPoint',-1,26686,1,3,'http://www.placementpoint.com/',0),
 (26690,'IndiaJobexpress',-1,26686,1,4,'http://www.indiajobexpress.com/',0),
 (26691,'TopIndiaJobs',-1,26686,1,5,'http://www.topindiajobs.com/',0),
 (26692,'Kijiji',-1,26686,1,6,'http://www.kijiji.com/',0),
 (26693,'123oye',-1,26686,1,7,'http://www.123oye.com/',0),
 (26694,'PlacementPoint',-1,26686,1,8,'http://www.placementpoint.com/',0),
 (26695,'Naukri2000',-1,26686,1,9,'http://www.naukri2000.com/',0),
 (26696,'Jobs4jobs',-1,26686,1,10,'http://www.jobs4jobs.com/',0),
 (26697,'Alljobshome',-1,26686,1,11,'http://www.alljobshome.com/',0),
 (26698,'Adoos',-1,26686,1,12,'http://www.adoos.in/',0),
 (26699,'IndianJobsite',-1,26686,1,13,'http://www.indianjobsite.com/',0),
 (26700,'CareerKhazana',-1,26686,1,14,'http://www.careerkhazana.com/',0),
 (26701,'Jobvertise',-1,26686,1,15,'http://www.jobvertise.com/',0),
 (26702,'DesiClassifieds',-1,26686,1,16,'http://www.desiclassifieds.com/',0),
 (26703,'Jobscafe',-1,26686,1,17,'http://www.jobscafe.com/',0),
 (26704,'Chakrii',-1,26686,1,18,'http://www.chakrii.com/',0),
 (26705,'FreshersDreams',-1,26686,1,19,'http://www.freshersdreams.com/',0),
 (26706,'GoldenJobs',-1,26686,1,20,'http://www.goldenjobs.com/',0),
 (26707,'JobokPlease',-1,26686,1,21,'http://www.jobokplease.com/n/index.asp',0),
 (26708,'Naukriboard',-1,26686,1,22,'http://www.naukriboard.com/',0),
 (26709,'Sevadoot',-1,26686,1,23,'http://www.sevadoot.com/',0),
 (26710,'AgreatIndian',-1,26686,1,24,'http://www.agreatindian.com/',0),
 (26711,'Jobsite India',-1,26686,1,25,'http://www.jobsiteindia.com/',0),
 (26712,'Jobdhundo',-1,26686,1,26,'http://www.jobdhundo.com/',0),
 (26713,'BharatContractJobs',-1,26686,1,27,'http://www.bharatcontractjobs.com/',0),
 (26714,'Spotlight247',-1,26686,1,28,'http://www.spotlight247.com/',0),
 (26715,'FreeClassifiedmart',-1,26686,1,29,'http://www.freeclassifiedmart.com/',0),
 (26716,'MajesticJob',-1,26686,1,30,'http://www.majesticjob.com/',0),
 (26717,'yuvajobs',-1,26686,1,31,'http://www.yuvajobs.com/',0),
 (26718,'AboutJobs',-1,26686,1,32,'http://aboutjobs.in/',0),
 (26719,'4cjobs',-1,26686,1,33,'http://www.4cjobs.com/',0),
 (26720,'Olx',-1,26686,1,34,'http://www.olx.in/',0),
 (26721,'Goforads',-1,26686,1,35,'http://www.goforads.com/',0),
 (26722,'ClickIndia',-1,26686,1,36,'http://www.clickindia.com/',0),
 (26723,'Watblog',-1,26686,1,37,'http://www.watblog.com/',0),
 (26724,'Jobs4good',-1,26686,1,38,'http://www.jobs4good.com/',0),
 (26725,'Citehr',-1,26686,1,39,'http://www.citehr.com/members/122253-nithya-ramalingam/',0),
 (26726,'Hello Kids',232,-1,0,139,'',1),
 (26727,'Telugu Samputi',-1,26726,1,1,'http://www.samputi.com/',0),
 (26728,'Telugu Rhymes',-1,26726,1,2,'http://www.allibilli.com/kids/teluguKids.html',0),
 (26729,'Tamil Rhymes',-1,26726,1,3,'http://www.allibilli.com/kids/tamilKids.html',0),
 (26730,'Kannada Rhymes',-1,26726,1,4,'http://www.allibilli.com/kids/kannadaKids.html',0),
 (26731,'Bengali Rhymes',-1,26726,1,5,'http://www.allibilli.com/kids/bengaliKids.html',0),
 (26732,'English Rhymes',-1,26726,1,6,'http://www.allibilli.com/kids/englishKids.html',0),
 (26733,'Malayalam Rhymes',-1,26726,1,7,'http://www.allibilli.com/kids/malayalamKids.html',0),
 (26734,'Comedy Special',232,-1,0,140,'',0),
 (26735,'sir Charles Chaplin',-1,26734,1,1,'http://www.allibilli.com/kids/charlesChaplin.html',0),
 (26736,'Our Space - Educate',232,-1,0,141,'',0),
 (26737,'Beauty of Moon',-1,26736,1,1,'http://www.allibilli.com/space/moon/moon.htm',0),
 (26738,'Angelness of Jupiter',-1,26736,1,2,'http://www.allibilli.com/space/jupiter.html',0),
 (26739,'Roughness of Sun',-1,26736,1,3,'http://www.allibilli.com/space/sun.html',0),
 (26740,'Specialty of Mars',-1,26736,1,4,'http://www.allibilli.com/space/Mars.html',0),
 (26741,'Loveliness of Earth',-1,26736,1,5,'http://www.allibilli.com/space/earth.html',0),
 (26742,'Dictionaries',232,-1,0,142,'',0),
 (26743,'English Dictionary',-1,26742,1,1,'http://dictionary.reference.com/',0),
 (26744,'Telugu to English',-1,26742,1,2,'http://dsal.uchicago.edu/dictionaries/gwynn/',0),
 (26745,'Spanish to English',-1,26742,1,3,'http://www.spanishdict.com/',0),
 (26746,'Telugu MP3',233,-1,0,143,'',0),
 (26747,'Liveidiotbox',-1,26746,1,1,'http://www.liveidiotbox.com/',0),
 (26748,'Chimatamusic',-1,26746,1,2,'http://www.chimatamusic.com',0),
 (26749,'Andhravilas',-1,26746,1,3,'http://www.andhravilas.com/newsongsindex.asp',0),
 (26750,'Raaga',-1,26746,1,4,'http://www.raaga.com/channels/telugu/',0),
 (26751,'Chitramala',-1,26746,1,5,'http://www.chitramala.com/',0),
 (26752,'Andhramp3',-1,26746,1,6,'http://www.andhramp3.com/',0),
 (26753,'Thenisai',-1,26746,1,7,'http://www.thenisai.com/telugu/music-directors/telugu-songs-music-index.htm',0),
 (26754,'Ezeemp3',-1,26746,1,8,'http://www.ezeemp3.com/',0),
 (26755,'Digitalbhoomi',-1,26746,1,9,'http://www.digitalbhoomi.in/music/telugu-songs/',0),
 (26756,'Ramaneeya',-1,26746,1,10,'http://www.ramaneeya.com/',0),
 (26757,'Indomp3s',-1,26746,1,11,'http://www.indomp3s.com/main.html/',0),
 (26758,'Mp3scorner',-1,26746,1,12,'http://mp3scorner.com',0),
 (26759,'Indianmelody',-1,26746,1,13,'http://www.indianmelody.com/telugu.htm',0),
 (26760,'imovies4you',-1,26746,1,14,'http://imovies4you.com/',0),
 (26761,'Oldtelugusongs',-1,26746,1,15,'http://www.oldtelugusongs.com/cgi-bin/search2/search.pl?mucode=P0054',0),
 (26762,'Bharatwisdom',-1,26746,1,16,'http://www.bharatwisdom.com/GhantasalaSongs/tabid/433/Default.aspx?page=1',0),
 (26763,'Allindiansite',-1,26746,1,17,'http://telugusongs.allindiansite.com/ghantasala1.html --- telugusongs.allindiansite',0),
 (26764,'musicmazaa',-1,26746,1,18,'http://musicmazaa.com/telugu/devotionalsongs/',0),
 (26765,'a2zmusicdownloads',-1,26746,1,19,'http://www.a2zmusicdownloads.com/telugu_songs_download.htm',0),
 (26766,'MusicGalatta',-1,26746,1,20,'http://music.galatta.com/entertainment/music/allclassicalindex.asp',0),
 (26767,'Telugustudio',-1,26746,1,21,'http://www.telugustudio.net/2009/05/classical-dance-by-actress-laya-at.html',0),
 (26768,'Telugu MP3',-1,26746,1,22,'http://newmp3telugu.blogspot.com/',0),
 (26769,'Tamil MP3',233,-1,0,144,'',0),
 (26770,'Centralmusiq',-1,26769,1,1,'http://www.centralmusiq.com/',0),
 (26771,'hummaa',-1,26769,1,2,'http://www.hummaa.com/music/channels.php?lg=14',0),
 (26772,'Tamilwest',-1,26769,1,3,'http://www.tamilwest.com/tamilsongs/',0),
 (26773,'Thenisai',-1,26769,1,4,'http://www.thenisai.com/tamil/songs-music/tamil-songs-music-index.htm',0),
 (26774,'Raaga',-1,26769,1,5,'http://www.raaga.com/channels/tamil/',0),
 (26775,'Oosai',-1,26769,1,6,'http://www.oosai.com/',0),
 (26776,'Tamilmp3songs',-1,26769,1,7,'http://indian-tamilmp3songs.blogspot.com/',0),
 (26777,'Masthfun',-1,26769,1,8,'http://www.masthfun.com/',0),
 (26778,'Indomp3s',-1,26769,1,9,'http://www.indomp3s.com/main.html/',0),
 (26779,'Malayalam MP3',233,-1,0,145,'',0),
 (26780,'Indomp3s',-1,26779,1,1,'http://www.indomp3s.com/main.html/',0),
 (26781,'Hindi MP3',233,-1,0,146,'',0),
 (26782,'Music Plug',-1,26781,1,1,'http://www.musicplug.in/',0),
 (26783,'Mp3 Hungama',-1,26781,1,2,'http://www.mp3hungama.com/music/',0),
 (26784,'BollyWood Music',-1,26781,1,3,'http://www.bollywoodmusic.com/',0),
 (26785,'Funatoz',-1,26781,1,4,'http://funatoz.com/',0),
 (26786,'Planet Read',-1,26781,1,5,'http://www.planetread.org/',0),
 (26787,'Hindi Songs',-1,26781,1,6,'http://www.hindisongs.net/',0),
 (26788,'Songs5',-1,26781,1,7,'http://www.songs5.com/',0),
 (26789,'Raaga',-1,26781,1,8,'http://www.raaga.com/channels/hindi/',0),
 (26790,'Music Desi',-1,26781,1,9,'http://www.musicdesi.com/',0),
 (26791,'Old Classic Hindi Songs',-1,26781,1,10,'http://www.indianscreen.com/',0),
 (26792,'Songs_pk',-1,26781,1,11,'http://www.songs.pk/',0),
 (26793,'Music India Online',-1,26781,1,12,'http://www.musicindiaonline.com/#/genre/2-Hindi/',0),
 (26794,'Chennai Online',-1,26781,1,13,'http://archives.chennaionline.com/mp3/jindex.asp',0),
 (26795,'Music Maza',-1,26781,1,14,'http://www.musicmaza.com/',0),
 (26796,'Smriti',-1,26781,1,15,'http://smriti.com/hindi-songs/',0),
 (26797,'Download Hindi Mp3s',-1,26781,1,16,'http://www.downloadhindimp3s.com/',0),
 (26798,'India Mp3',-1,26781,1,17,'http://www.indiamp3.com/',0),
 (26799,'Srikumar',-1,26781,1,18,'http://www.srikumar.com/Music/mp3_music_and_free_downloads.htm',0),
 (26800,'Funrocker',-1,26781,1,19,'http://www.funrocker.com/songs.html',0),
 (26801,'Theatre Mp3',-1,26781,1,20,'http://www.theatremp3.in/',0),
 (26802,'Ianand',-1,26781,1,21,'http://www.ianand.com/',0),
 (26803,'Bollyfm',-1,26781,1,22,'http://www.bollyfm.net/bollyfm/soundtracks.html',0),
 (26804,'Pakheaven',-1,26781,1,23,'http://www.pakheaven.org/',0),
 (26805,'Classical',233,-1,0,147,'',1),
 (26806,'Viriboni Bhairavi RaagaVarnam',-1,26805,1,1,'http://www.youtube.com/watch?v=NtayQialsJM&feature=related',0),
 (26807,'Hummaa',-1,26805,1,2,'http://www.hummaa.com/music/artist/M+S+Subbulakshmi/1603/albums/',0),
 (26808,'Emusic',-1,26805,1,3,'http://www.emusic.com/artist/M-S-Subbulakshmi-MP3-Download/11575417.htm',0),
 (26809,'Smashits',-1,26805,1,4,'http://ww.smashits.com/music/cat42/telugu.htm',0),
 (26810,'Mp3',-1,26805,1,5,'http://www.mp3.com/free-music',0),
 (26811,'Musicindiaonline',-1,26805,1,6,'http://www.musicindiaonline.com/ ',0),
 (26812,'Mysticamusic',-1,26805,1,7,'http://www.mysticamusic.com/',0),
 (26813,'teluguvideos',-1,26805,1,8,'http://www.teluguvideos.in/songs.php',0),
 (26814,'Trustmeher',-1,26805,1,9,'http://www.trustmeher.net/freeware/free-indian-classical-music.htm',0),
 (26815,'Amazon',-1,26805,1,10,'http://www.amazon.com/gp/search/ref=sr_nr_n_6?rh=n%3A324381011%2Cn%3A624926011&bbn=324381011&ie=UTF8&qid=1263224710&rnid=624868011',0),
 (26816,'Idianscreen',-1,26805,1,11,'http://www.indianscreen.com/ ',0),
 (26817,'musicplug',-1,26805,1,12,'http://www.musicplug.in/index.php?movietypeid=1&langid=12',0),
 (26818,'Ghantasala Bhagavad Gita',-1,26805,1,13,'http://ghantasalatelugusongs.blogspot.com/2009/06/ghantasala-bhagavad-gita-part-1.html',0),
 (26819,'Movies',234,-1,0,148,'',1),
 (26820,'Telugu',234,26819,0,149,'',0),
 (26821,'Download Movies',234,26820,0,150,'',0),
 (26822,'Download DVD',-1,26821,1,1,'http://forall.folderland.com/telugu-dvdrips/62629/',0),
 (26823,'Download All',-1,26821,1,2,'http://iwillsearch4u.com/category/movies/',0),
 (26824,'Download Movies',-1,26821,1,3,'http://tehparadox.com/forum/f56/',0),
 (26825,'SmartDesis',-1,26820,1,4,'http://videos.smartdesis.com/',0),
 (26826,'BharatMovies',-1,26820,1,5,'http://www.bharatmovies.com/',0),
 (26827,'TollyVideos',-1,26820,1,6,'http://www.tollyvideos.com/',0),
 (26829,'MoviesDude',-1,26820,1,8,'http://moviesdude.com/',0),
 (26830,'MoovyShoovy',-1,26820,1,9,'http://moovyshoovy.com/',0),
 (26831,'DesiWeb',-1,26820,1,10,'http://desiweb.blogspot.com/',0),
 (26832,'Indiaduniya',-1,26820,1,11,'http://indiaduniya.blogspot.com/',0),
 (26833,'Tollycircle',-1,26820,1,12,'http://www.tollycircle.com/',0),
 (26834,'MahiTV',-1,26820,1,13,'http://www.mahitv.com/',0),
 (26835,'Teluguvideo4u',-1,26820,1,14,'http://www.teluguvideo4u.blogspot.com/',0),
 (26836,'IndiaMovieWorld',-1,26820,1,15,'http://www.indiamovieworld.info/',0),
 (26837,'GreatIndian',-1,26820,1,16,'http://www.thegreatindian.com/',0),
 (26838,'ManaTeluguChitralu',-1,26820,1,17,'http://manateluguchitralu.blogspot.com/',0),
 (26839,'MeeCinema',-1,26820,1,18,'http://www.meecinema.net/',0),
 (26840,'TechSatishTelugu',-1,26820,1,19,'http://www.techsatishtelugu.com/',0),
 (26841,'BharatTalkies',-1,26820,1,20,'http://www.bharattalkies.com/',0),
 (26842,'TeluguVideos',-1,26820,1,21,'http://www.telugu-videos.com/category/telugu-movies/',0),
 (26843,'AmmaDonga',-1,26820,1,22,'http://www.ammadonga.com/',0),
 (26844,'NonStopMovies',-1,26820,1,23,'http://nonstopmovies.blogspot.com/',0),
 (26845,'IndianTunes',-1,26820,1,24,'http://www.indiantunes.co.in/',0),
 (26846,'DesiMovies',-1,26820,1,25,'http://desi-movies.blogspot.com/',0),
 (26847,'TeluguMela',-1,26820,1,26,'http://telugumela.blogspot.com/',0),
 (26848,'AndhraClub',-1,26820,1,27,'http://andhraclub.blogspot.com/',0),
 (26849,'MovieExpress',-1,26820,1,28,'http://www.movieexpress.blogspot.com/',0),
 (26850,'KoolHutMovies',-1,26820,1,29,'http://koolhutmovies.blogspot.com/search/label/TELUGU%20MOVIES',0),
 (26851,'MoreLinkz',-1,26820,1,30,'http://morelinkz.blogspot.com/',0),
 (26852,'Chitralu',-1,26820,1,31,'http://www.chitralu.blogspot.com/',0),
 (26853,'FreeDesiMovies',-1,26820,1,32,'http://freedesimovies.blogspot.com/',0),
 (26854,'Del',-1,26820,1,33,'http://del.icio.us/ggs234/Telugu',0),
 (26856,'TeluguVideo',-1,26820,1,35,'http://teluguvideo.blogspot.com/search/label/Movies',0),
 (26857,'DesiMontreal',-1,26820,1,36,'http://desimontreal.blogspot.com/search/label/Telugu-Movies?max-results=4',0),
 (26858,'Movies',-1,26820,1,37,'http://movies.andhramp3.com/',0),
 (26859,'4AllIndians',-1,26820,1,38,'http://www.4allindians.blogspot.com/',0),
 (26860,'AndhraScreens',-1,26820,1,39,'http://www.andhrascreens.blogspot.com/',0),
 (26861,'TeluguMoviesTK',-1,26820,1,40,'http://www.telugumovies.tk/',0),
 (26862,'SmartdesisIndex',-1,26820,1,41,'http://videos.smartdesis.com/telugu-online-movies-index-a/',0),
 (26863,'Saradaga',-1,26820,1,42,'http://www.saradaga3.com/',0),
 (26864,'ManaTelugumMovies',-1,26820,1,43,'http://www.manatelugumovies.net/',0),
 (26865,'TeluguMania',-1,26820,1,44,'http://www.andhramania.com/',0),
 (26866,'Tamil',234,26819,0,151,'',0),
 (26867,'Smartdesis',-1,26866,1,1,'http://videos.smartdesis.com/tamil-online-movies-index/',0),
 (26868,'Bharatmovies',-1,26866,1,2,'http://www.bharatmovies.com/watch-tamil-movies.htm',0),
 (26869,'Tamilpeek',-1,26866,1,3,'http://www.tamilpeek.com/',0),
 (26870,'Tamilo',-1,26866,1,4,'http://tamilo.com/',0),
 (26871,'Focustamil',-1,26866,1,5,'http://www.focustamil.com/',0),
 (26872,'Tamil-movies',-1,26866,1,6,'http://www.telugumovieonline.net/tamil-movies/?sid=e62655c019a17c6d8ddd742e21a2751b',0),
 (26873,'Focustamil',-1,26866,1,7,'http://www.focustamil.net/',0),
 (26874,'Ultimatetamil',-1,26866,1,8,'http://ultimatetamil.com/',0),
 (26875,'Hqpadam',-1,26866,1,9,'http://hqpadam.blogspot.com/',0),
 (26876,'Eindianmovie',-1,26866,1,10,'http://eindianmovie.com/',0),
 (26877,'Watch-tamilmovies',-1,26866,1,11,'http://www.watch-tamilmovies.com/',0),
 (26878,'Tamilmask',-1,26866,1,12,'http://www.tamilmask.com/',0),
 (26879,'Hinditvlinks4u',-1,26866,1,13,'http://www.hinditvlinks4u.com/forumdisplay.php?s=e8dfd8e8abdbbfeac9135d7a82e50257&f=419',0),
 (26880,'Mayuonline',-1,26866,1,14,'http://mayuonline.com/eblog/tamil-movies-online/',0),
 (26881,'Tamiltorrent',-1,26866,1,15,'http://www.tamiltorrent.com',0),
 (26882,'Tamilwire',-1,26866,1,16,'http://www.tamilwire.com/',0),
 (26883,'Directtamil',-1,26866,1,17,'http://www.directtamil.com/',0),
 (26884,'Hinditvlinks4u',-1,26866,1,18,'http://www.hinditvlinks4u.com/forumdisplay.php?s=e8dfd8e8abdbbfeac9135d7a82e50257&f=420',0),
 (26885,'TamilMania',-1,26866,1,19,'http://www.andhramania.com/',0),
 (26886,'MoovyShoovy',-1,26866,1,20,'http://moovyshoovy.com/',0),
 (26887,'Hindi',234,26819,0,152,'',0),
 (26888,'Download Movies',234,26887,0,153,'',0),
 (26889,'Download All',-1,26888,1,1,'http://iwillsearch4u.com/category/movies/',0),
 (26890,'Download Movies',-1,26888,1,2,'http://tehparadox.com/forum/f56/',0),
 (26891,'IndiaMovieWorld',-1,26887,1,3,'http://www.indiamovieworld.info/',0),
 (26892,'GreatIndian',-1,26887,1,4,'http://www.thegreatindian.com/',0),
 (26893,'MoovyShoovy',-1,26887,1,5,'http://moovyshoovy.com/',0),
 (26894,'Movie Index',-1,26887,1,6,'http://videos.smartdesis.com/hindi-online-movies-index/',0),
 (26895,'Moviekhoj',-1,26887,1,7,'http://moviekhoj.com/',0),
 (26896,'Muft',-1,26887,1,8,'http://www.muft.tv/',0),
 (26897,'Desivideos',-1,26887,1,9,'http://www.desivideos.net/',0),
 (26898,'Desi Media',-1,26887,1,10,'http://bestdesimedia.com/onlinehindi.htm',0),
 (26899,'BestDesi',-1,26887,1,11,'http://www.bestdesiblogs.com',0),
 (26900,'DreamHouse',-1,26887,1,12,'http://www.meradreamhouse.com/index.php?language=1Mera',0),
 (26901,'Crix',-1,26887,1,13,'http://www.crix.in/',0),
 (26902,'Bollywood',-1,26887,1,14,'http://www.bollywoodsargam.com/',0),
 (26903,'HindiMania',-1,26887,1,15,'http://www.andhramania.com/',0),
 (26904,'OnlineWatch',-1,26887,1,16,'http://www.onlinewatchmovies.net/',0),
 (26905,'Bollypulse',-1,26887,1,17,'http://bollypulse.blogspot.com/',0),
 (26906,'Movielinks4u',-1,26887,1,18,'http://movielinks4u.com/',0),
 (26907,'Malayalam',234,26819,0,154,'',0),
 (26908,'Download Movies',234,26907,0,155,'',0),
 (26909,'Download Cinema',-1,26908,1,1,'http://www.malayalamsamay.com/',0),
 (26910,'Download Songs',-1,26908,1,2,'http://www.malluhut.com',0),
 (26911,'MalluBeats',-1,26907,1,3,'http://www.mallubeats.com/forum/',0),
 (26912,'KeralaMax',-1,26907,1,4,'http://keralamax.com/forum/index.php',0),
 (26913,'TechSatish',-1,26907,1,5,'http://www.techsatishmallu.com/',0),
 (26914,'MoovyShoovy',-1,26907,1,6,'http://moovyshoovy.com/',0),
 (26915,'FocusKerala',-1,26907,1,7,'http://www.focuskeralam.com/',0),
 (26916,'Olangal',-1,26907,1,8,'http://olangal.com/index.php',0),
 (26917,'DMovies',-1,26907,1,9,'http://2dmovie.com/',0),
 (26918,'MalCinema',-1,26907,1,10,'http://www.malayalamcinema.com/',0),
 (26919,'NowRunning',-1,26907,1,11,'http://www.nowrunning.com/Malayalam/',0),
 (26920,'MalayGalatta',-1,26907,1,12,'http://malayalam.galatta.com/',0),
 (26921,'KeralaMax',-1,26907,1,13,'http://keralamax.com/',0),
 (26922,'MaeBag',-1,26907,1,14,'http://www.maebag.com/',0),
 (26923,'MalluTube',-1,26907,1,15,'http://www.mallutube.net/index.php',0),
 (26924,'Marathi',234,26819,0,156,'',0),
 (26925,'Download Movies',234,26924,0,157,'',0),
 (26926,'Download DVD',-1,26925,1,1,'http://www.humsurfer.com/download-latest-marathi-movies/',0),
 (26927,'Download All',-1,26925,1,2,'http://www.clickindia.com/search.php?q=list+of+marathi+movies+free+download/',0),
 (26928,'Download Movies',-1,26925,1,3,'http://www.filestube.com/m/marathi+movies+2009/',0),
 (26929,'Ibolly',-1,26924,1,4,'http://http://www.ibollytv.com/imarathi.php/',0),
 (26930,'BharatMovies',-1,26924,1,5,'http://www.bharatmovies.com/',0),
 (26931,'Marathitube',-1,26924,1,6,'http://www.marathitube.com//',0),
 (26932,'Apali',-1,26924,1,7,'http://www.apalimarathi.com//',0),
 (26933,'Muft',-1,26924,1,8,'http://www.muft.tv/index.php?option=com_content&task=section&id=47&Itemid=109/',0),
 (26934,'Dhingana',-1,26924,1,9,'http://www.dhingana.com//',0),
 (26935,'Celebrities',-1,26924,1,10,'http://www.celebritiesprofile.info/index.php/streaming-videos/watch-free-online-marathi-movies.php/',0),
 (26936,'Humsurfer',-1,26924,1,11,'http://www.humsurfer.com/watch-marathi-movies-online-marathi-natak-online-free-marathi-movies-latest-marathi-movies-download-marathi-movies-marathi/',0),
 (26937,'khojTV',-1,26924,1,12,'http://moviekhoj.com/movies/marathi/',0),
 (26938,'Inka',-1,26924,1,13,'http://marathinaka.com/default.aspx/',0),
 (26939,'Rajasree',-1,26924,1,14,'http://www.rajshrimarathi.com//',0),
 (26940,'Online',-1,26924,1,15,'http://www.onlinewatchmovies.net/search/label/Marathi?max-results=550/',0),
 (26941,'Marathiworld',-1,26924,1,16,'http://www.marathiworld.com/websoochi/subcate.php?v=27&v1=176/',0),
 (26942,'Bollywood',-1,26924,1,17,'http://www.bollywood.tv/marathi-movies.html/',0),
 (26943,'Dekhona',-1,26924,1,18,'http://www.dekhona.com/movies-videos/ihcjgootpo/',0),
 (26944,'Marathilink',-1,26924,1,19,'http://marathilinks.wordpress.com/2009/07/14/watch-marathi-movies-online-for-free//',0),
 (26945,'Watchalone',-1,26924,1,20,'http://www.watchalone.com/Default.asp?Lang=Marathi/',0),
 (26946,'Dailymotions',-1,26924,1,21,'http://www.dailymotion.pl/tag/marathi/',0),
 (26947,'Sargham',-1,26924,1,22,'http://www.bollywoodsargam.com/search_bing_images.php?search_term=Free+Marathi+Movies/',0),
 (26948,'Torrent',-1,26924,1,23,'http://www.torrentreactor.net/find/free-new-marathi-movies-download/',0),
 (26949,'Gujarati',234,26819,0,158,'',0),
 (26950,'Download Movies',234,26949,0,159,'',0),
 (26951,'Download All',-1,26950,1,1,'http://iwillsearch4u.com/category/movies/',0),
 (26952,'Download Movies',-1,26950,1,2,'http://tehparadox.com/forum/f56/',0),
 (26953,'iBollyTV',-1,26949,1,3,'http://www.ibollytv.com/igujarati.php',0),
 (26954,'Gujarati Natako',-1,26949,1,4,'http://gujaratinatako.blogspot.com/',0),
 (26955,'Gujarati Show',-1,26949,1,5,'http://www.gujaratishow.com/2009/05/gujarati-movies.html',0),
 (26956,'Pustakalay',-1,26949,1,6,'http://pustakalay.com/movies.html',0),
 (26957,'Muft',-1,26949,1,7,'http://www.muft.tv/',0),
 (26958,'Desivideos',-1,26949,1,8,'http://www.desivideos.net/',0),
 (26959,'Desi Media',-1,26949,1,9,'http://bestdesimedia.com/onlinehindi.htm',0),
 (26960,'BestDesi',-1,26949,1,10,'http://www.bestdesiblogs.com',0),
 (26961,'DreamHouse',-1,26949,1,11,'http://www.meradreamhouse.com/index.php?language=1Mera',0),
 (26962,'Crix',-1,26949,1,12,'http://www.crix.in/',0),
 (26963,'Bollywood',-1,26949,1,13,'http://www.bollywoodsargam.com/',0),
 (26964,'HindiMania',-1,26949,1,14,'http://www.andhramania.com/',0),
 (26965,'Bengali',234,26819,0,160,'',0),
 (26966,'Banglamovie',-1,26965,1,1,'http://banglamovieonline.blogspot.com/',0),
 (26967,'Banglanatokmovie',-1,26965,1,2,'http://www.banglanatokmovie.com/',0),
 (26968,'Bharatmovies',-1,26965,1,3,'http://www.bharatmovies.com/bengali/video/WatchMovies.htm',0),
 (26969,'Bangaliguru',-1,26965,1,4,'http://bangaliguru.com/',0),
 (26970,'Banglamoviedownload',-1,26965,1,5,'http://banglamoviedownload.com/',0),
 (26971,'Moviesfrombd',-1,26965,1,6,'http://moviesfrombd.com/',0),
 (26972,'Ibollytv',-1,26965,1,7,'http://www.ibollytv.com/ibengali.php',0),
 (26973,'Calcuttaglobal',-1,26965,1,8,'http://calcuttaglobalchat.net/calcuttablog/online-bangla-movie/',0),
 (26974,'Blogcatalog',-1,26965,1,9,'http://www.blogcatalog.com/topic/online+bengali+movies/ ',0),
 (26975,'Moovyshoovy',-1,26965,1,10,'http://www.moovyshoovy.com/',0),
 (26976,'Oriya',234,26819,0,161,'',1),
 (26977,'Download Movies',234,26976,0,162,'',0),
 (26978,'Download All',-1,26977,1,1,'http://iwillsearch4u.com/category/movies/',0),
 (26979,'Download Movies',-1,26977,1,2,'http://tehparadox.com/forum/f56/',0),
 (26980,'Oriya Samay',-1,26976,1,3,'http://www.oriyasamay.com/MovieByRegion/Oriya/OriyaMovies.aspx',0),
 (26981,'Oriya Sangeet',-1,26976,1,4,'http://www.odissi.com/orissa/sangeet.htm',0),
 (26982,'Bollywood Imax',-1,26976,1,5,'http://bollywoodimax.com/online-oriya-movies.html',0),
 (26983,'Music India Online',-1,26976,1,6,'http://www.musicindiaonline.com/music/oriya/c/movie_name/',0),
 (26984,'Old Movie Songs',-1,26976,1,7,'http://oldoriyasongs.blogspot.com/',0),
 (26985,'Oriya videos',-1,26976,1,8,'http://www.purionline.com/entertainment/oriya_video_list.asp',0),
 (26986,'TVU - All TVs',-1,26819,1,9,'http://www.tvunetworks.com/watchTV/index.html',0),
 (26987,'Games',235,-1,0,163,'',1),
 (26988,'Evony',235,26987,1,164,'http://www.evony.com/',0),
 (26989,'Addict Games',235,26987,1,165,'http://www.addictinggames.com/index.html/',0),
 (26990,'onlinegames',235,26987,1,166,'http://www.onlinegames.net/',0),
 (26991,'miniclip',235,26987,1,167,'http://www.miniclip.com/games/en/',0),
 (26992,'bigfishgames',235,26987,1,168,'http://www.bigfishgames.com/online-games/',0),
 (26993,'freeonlinegames',235,26987,1,169,'http://www.freeonlinegames.com/',0),
 (26994,'armorgames',235,26987,1,170,'http://armorgames.com/',0),
 (26995,'Tankionline',235,26987,1,171,'http://tankionline.com/index.html#friend=9b74e33de/',0),
 (26996,'Eve',235,26987,1,172,'https://secure.eve-online.com/ft/?aid=104169&bid=1/',0),
 (26997,'Eartheternal',235,26987,1,173,'http://www.eartheternal.com/',0),
 (26998,'Astroempires',235,26987,1,174,'http://www.astroempires.com/?ref=ad4game',0),
 (26999,'Runesofmagic',235,26987,1,175,'http://us.runesofmagic.com/landingpage/',0),
 (27000,'Softwares',236,-1,0,176,'',1),
 (27001,'All Utilities',-1,27000,1,1,'http://www.filehippo.com/',0),
 (27002,'Regular Utilities',-1,27000,1,2,'http://forums.fooshare.com/',0),
 (27003,'Internet Boosters',-1,27000,1,3,'http://internet-speed-booster.smartcode.com/info.html',0),
 (27004,'picasa',-1,27000,1,4,'http://picasa.google.com/',0),
 (27005,'Operating Systems',-1,27000,1,5,'http://download.cnet.com/windows/offline-browsers/',0),
 (27006,'All Softwares',-1,27000,1,6,'http://www.freebyte.com/links/software.html',0),
 (27007,'Website Design Softwares',-1,27000,1,7,'http://software-download-websites.smartcode.com/',0),
 (27008,'Java Software',-1,27000,1,8,'http://www.java.com/en/download/inc/windows_upgrade_xpi.jsp',0),
 (27009,'TopComputerSoftwares',-1,27000,1,9,'http://directory.google.com/Top/Computers/Software/',0),
 (27010,'World Web',-1,27000,1,10,'http://www.brothersoft.com/worldweb-download-74551.html',0),
 (27011,'Utilities',236,-1,0,177,'',0),
 (27012,'NewSoftwares',-1,27011,1,1,'http://www.brothersoft.com/',0),
 (27013,'New Releases Software',-1,27011,1,2,'http://www.brothersoft.com/new_software/',0),
 (27014,'popular downloads',-1,27011,1,3,'http://download.cnet.com/windows/',0),
 (27015,'Auto back up software',-1,27011,1,4,'http://www.backupsoftware.cc/indexfree.htm?gclid=CP7HjZT89ZwCFcIvpAodHh0qbA',0),
 (27016,'Mobile Softwares',-1,27011,1,5,'http://www.knmobiles.com/?gclid=CI_9puH99ZwCFUUwpAoduy_-aQ',0),
 (27017,'Desk Top Thems',-1,27011,1,6,'http://www.pcworld.com/downloads/1455/topic.html?src=sem&HBX_PK=pcw_01_downloads-themes-INTL_all-themes_ad-A01&utm_source=downloads-themes-INTL_all-themes&utm_medium=downloads-themes-INTL&utm_content=downloads-INTL&utm_campaign=Google-CPC',0),
 (27018,'DesktopImages',-1,27011,1,7,'http://www.visitdublin.com/multimedia/DublinDesktopImages.aspx?id=285',0),
 (27019,'windows tools',-1,27011,1,8,'http://freewindowstool.com/',0),
 (27020,'file recovery tools',-1,27011,1,9,'http://www.filesrecovery.in/file-recovery-tools/downloads.asp',0),
 (27021,'Anti virus softwares',-1,27011,1,10,'http://www.ntsec.com/anti_virus/anti_virus_internet_security.htm',0),
 (27022,'Data recovery softwares',-1,27011,1,11,'http://www.filerecovery.in/file-recovery/downloads.asp',0),
 (27023,'Data wiping soft wares',-1,27011,1,12,'http://www.p-dd.biz/undelete-data/data-wiping-software.asp',0),
 (27024,'Internet Password recovery softwares',-1,27011,1,13,'http://www.p-dd.biz/undelete-data/internet-exp-pass-recovery.asp',0),
 (27025,'E-learning softwares',-1,27011,1,14,'http://www.education.com/e-learning/',0),
 (27026,'All Browsers',-1,27011,1,15,'http://www.freedownloadscenter.com/Network_and_Internet/Offline_Browser_Tools/',0),
 (27027,'Browsers',236,-1,0,178,'',0),
 (27028,'off line Browsers-2',-1,27027,1,1,'http://www.zdnetasia.com/downloads/pc/swlist/0,39043053,39002331r-1+8,00.htm',0),
 (27029,'Browsers',-1,27027,1,2,'http://download.cnet.com/windows/browsers/',0),
 (27030,'Free Browsers',-1,27027,1,3,'http://download.cnet.com/windows/browsers/',0),
 (27031,'Download Games',236,-1,0,179,'',0),
 (27032,'General Games',-1,27031,1,1,'http://www.myplaycity.com/top_games/?utm_source=GAdwCat022all&utm_medium=googleadw003',0),
 (27033,'flash games',-1,27031,1,2,'http://www.news-grabber.org/flash-games?gclid=CNDx6tiA9pwCFYwwpAodZQQbaw',0),
 (27034,'HitGames',-1,27031,1,3,'http://www.myplaycity.com/?utm_source=GAdwAll101&utm_medium=googleadw001',0),
 (27035,'Adobe',236,-1,0,180,'',0),
 (27036,'dreamweaver',-1,27035,1,1,'http://webdesign.about.com/od/dreamweaverhowtos/a/dw_tutorials.htm',0),
 (27037,'Flash',-1,27035,1,2,'http://tv.adobe.com/show/flash-downunder/',0),
 (27038,'Video Tutorials',-1,27035,1,3,'http://video-tutes.com/packages/DWDesign1.php',0),
 (27039,'USA Universities',237,-1,0,181,'',0),
 (27040,'Alabama',237,27039,0,182,'',0),
 (27041,'Air University',-1,27040,1,1,'http://www.au.af.mil/au/',0),
 (27042,'Alabama A&M Universit',-1,27040,1,2,'http://www.aamu.edu/',0),
 (27043,'Alabama State University',-1,27040,1,3,'http://www.alasu.edu/',0),
 (27044,'Athens State University',-1,27040,1,4,'http://www.athens.edu/',0),
 (27045,'Auburn University',-1,27040,1,5,'http://www.auburn.edu/',0),
 (27046,'Auburn University-Montgomery',-1,27040,1,6,'http://www.aum.edu/',0),
 (27047,'Jacksonville State University',-1,27040,1,7,'http://www.jsu.edu/',0),
 (27048,'Troy University',-1,27040,1,8,'http://www.troy.edu/',0),
 (27049,'Troy University - Dothan',-1,27040,1,9,'http://troy.troy.edu/artdesign/index.html',0),
 (27050,'Troy University - Montgomery',-1,27040,1,10,'http://montgomery.troy.edu/',0),
 (27051,'University of Alabama - Birmingham',-1,27040,1,11,'http://www.uab.edu/home/',0),
 (27052,'University of Alabama - Huntsville',-1,27040,1,12,'http://www.uah.edu/',0),
 (27053,'University of Alabama - Tuscaloosa',-1,27040,1,13,'http://www.ua.edu/',0),
 (27054,'University of Montevallo',-1,27040,1,14,'http://www.montevallo.edu/',0),
 (27055,'University of North Alabama',-1,27040,1,15,'http://distance.una.edu/',0),
 (27056,'University of South Alabama',-1,27040,1,16,'http://www.usouthal.edu/',0),
 (27057,'University of West Alabama',-1,27040,1,17,'http://www.uwa.edu/',0),
 (27058,'Alaska',237,27039,0,183,'',0),
 (27059,'University of Alaska Anchorage',-1,27058,1,1,'http://www.uaa.alaska.edu/',0),
 (27060,'University of Alaska Fairbanks',-1,27058,1,2,'http://www.uaf.edu/',0),
 (27061,'University of Alaska Fairbanks Tanana Valley',-1,27058,1,3,'http://www.tvc.uaf.edu/',0),
 (27062,'University of Alaska Southeast',-1,27058,1,4,'http://www.uas.alaska.edu/',0),
 (27063,'University of Alaska Southeast Sitka',-1,27058,1,5,'http://www.uas.alaska.edu/sitka/',0),
 (27064,'Arizona',237,27039,0,184,'',0),
 (27065,'Arizona State University',-1,27064,1,1,'http://www.asu.edu/',0),
 (27066,'Arizona State University East',-1,27064,1,2,'http://www.poly.asu.edu/',0),
 (27067,'Arizona State University West',-1,27064,1,3,'http://campus.asu.edu/west',0),
 (27068,'Northern Arizona University',-1,27064,1,4,'http://home.nau.edu/',0),
 (27069,'University of Arizona',-1,27064,1,5,'http://www.arizona.edu/',0),
 (27070,'Arkansas',237,27039,0,185,'',0),
 (27071,'Arkansas State University',-1,27070,1,1,'http://www2.astate.edu/',0),
 (27072,'Arkansas Tech University',-1,27070,1,2,'http://www.atu.edu/',0),
 (27073,'Henderson State University',-1,27070,1,3,'http://www.hsu.edu/',0),
 (27074,'Southern Arkansas University',-1,27070,1,4,'http://web.saumag.edu/',0),
 (27075,'University of Arkansas - Fayetteville',-1,27070,1,5,'http://www.uark.edu/home/',0),
 (27076,'University of Arkansas - Fort Smith',-1,27070,1,6,'http://www.uafortsmith.edu/Home/Index',0),
 (27077,'University of Arkansas - Little Rock',-1,27070,1,7,'http://ualr.edu/',0),
 (27078,'University of Arkansas - Monticello',-1,27070,1,8,'http://www.uamont.edu/',0),
 (27079,'University of Arkansas - Pine Bluff',-1,27070,1,9,'http://www.uapb.edu/',0),
 (27080,'University of Arkansas for Medical Sciences',-1,27070,1,10,'',0),
 (27081,'University of Central Arkansas',-1,27070,1,11,'http://www.uca.edu/',0),
 (27082,'California',237,27039,0,186,'',0),
 (27083,'California Maritime Academy',-1,27082,1,1,'http://www.csum.edu/',0),
 (27084,'California Polytechnic State University  - San Luis Obispo',-1,27082,1,2,'http://www.calpoly.edu/',0),
 (27085,'California State Polytechnic University  - Pomona',-1,27082,1,3,'http://www.csupomona.edu/',0),
 (27086,'California State University - Bakersfield',-1,27082,1,4,'http://www.csub.edu/',0),
 (27087,'California State University - Channel Islands',-1,27082,1,5,'http://www.csuci.edu/',0),
 (27088,'California State University - Chico',-1,27082,1,6,'http://www.csuchico.edu/',0),
 (27089,'California State University - Dominguez Hills',-1,27082,1,7,'http://www.csudh.edu/',0),
 (27090,'California State University - Fresno',-1,27082,1,8,'http://www.csufresno.edu/',0),
 (27091,'California State University - Fullerton',-1,27082,1,9,'http://www.fullerton.edu/',0),
 (27092,'California State University - Hayward',-1,27082,1,10,'http://www20.csueastbay.edu/',0),
 (27093,'California State University - Long Beach',-1,27082,1,11,'http://www.csulb.edu/',0),
 (27094,'California State University - Los Angeles',-1,27082,1,12,'http://www.calstatela.edu/',0),
 (27095,'California State University - Monterey Bay',-1,27082,1,13,'http://csumb.edu/',0),
 (27096,'California State University - Northridge',-1,27082,1,14,'http://www.csun.edu/',0),
 (27097,'California State University Office of the Chancellor',-1,27082,1,15,'http://www.calstate.edu/',0),
 (27098,'California State University - Sacramento',-1,27082,1,16,'http://www.csus.edu/',0),
 (27099,'California State University - San Bernardino',-1,27082,1,17,'http://economics.csusb.edu/',0),
 (27100,'California State University - San Marcos',-1,27082,1,18,'http://www.csusm.edu/',0),
 (27101,'California State University - Stanislaus',-1,27082,1,19,'http://www.csustan.edu/',0),
 (27102,'Humboldt State University',-1,27082,1,20,'http://www.humboldt.edu/',0),
 (27103,'San Diego State University',-1,27082,1,21,'http://www.sdsu.edu/',0),
 (27104,'San Fransisco State University',-1,27082,1,22,'http://www.sfsu.edu/',0),
 (27105,'San Jose State University',-1,27082,1,23,'http://www.sjsu.edu/',0),
 (27106,'UC Hastings College of the Law',-1,27082,1,24,'http://www.uchastings.edu/',0),
 (27107,'University of California - Berkeley',-1,27082,1,25,'http://berkeley.edu/',0),
 (27108,'University of California - Davis',-1,27082,1,26,'http://www.ucdavis.edu/index.html',0),
 (27109,'University of California - Irvine',-1,27082,1,27,'http://www.uci.edu/',0),
 (27110,'University of California - Los Angeles',-1,27082,1,28,'http://www.ucla.edu/',0),
 (27111,'University of California - Merced',-1,27082,1,29,'http://www.ucmerced.edu/',0),
 (27112,'University of California - Riverside',-1,27082,1,30,'http://www.ucr.edu/',0),
 (27113,'University of California - San Diego',-1,27082,1,31,'http://www.ucsd.edu/',0),
 (27114,'University of California - San Francisco',-1,27082,1,32,'http://www.ucsf.edu/',0),
 (27115,'University of California - Santa Barbara',-1,27082,1,33,'http://www.ucsb.edu/',0),
 (27116,'University of California - Santa Cruz',-1,27082,1,34,'http://www.ucsc.edu/public/',0),
 (27117,'Colorado',237,27039,0,187,'',0),
 (27118,'Colorado State University',-1,27117,1,1,'http://www.colostate.edu/',0),
 (27119,'Colorado State University - Pueblo',-1,27117,1,2,'http://www.colostate-pueblo.edu/Pages/default.aspx',0),
 (27120,'United States Air Force Academy',-1,27117,1,3,'http://www.usafa.af.mil/',0),
 (27121,'University of Colorado - Boulder',-1,27117,1,4,'http://www.colorado.edu/',0),
 (27122,'University of Colorado - Colorado Springs',-1,27117,1,5,'http://www.uccs.edu/',0),
 (27123,'University of Colorado - Denver',-1,27117,1,6,'http://www.ucdenver.edu/Pages/UCDWelcomePage.aspx',0),
 (27124,'University of Colorado Health Sciences Center',-1,27117,1,7,'http://www.ucdenver.edu/Pages/UCDWelcomePage.aspx',0),
 (27125,'University of Northern Colorado',-1,27117,1,8,'http://www.unco.edu/',0),
 (27126,'Connecticut',237,27039,0,188,'',0),
 (27127,'Central Connecticut State University',-1,27126,1,1,'http://www.ccsu.edu/',0),
 (27128,'Eastern Connecticut State University',-1,27126,1,2,'http://www.easternct.edu/',0),
 (27129,'Southern Connecticut State University',-1,27126,1,3,'http://www.southernct.edu/',0),
 (27130,'United States Coast Guard Academy',-1,27126,1,4,'http://www.cga.edu/',0),
 (27131,'University of Connecticut',-1,27126,1,5,'http://www.uconn.edu/',0),
 (27132,'University of Connecticut - Avery Point',-1,27126,1,6,'http://www.averypoint.uconn.edu/',0),
 (27133,'University of Connecticut - Greater Hartford',-1,27126,1,7,'http://hartford.uconn.edu/',0),
 (27134,'University of Connecticut - Stamford',-1,27126,1,8,'http://www.psychology.uconn.edu/',0),
 (27135,'University of Connecticut - Torrington',-1,27126,1,9,'http://torrington.uconn.edu/',0),
 (27136,'University of Connecticut - Waterbury',-1,27126,1,10,'http://waterbury.uconn.edu/',0),
 (27137,'Western Connecticut State University',-1,27126,1,11,'http://www.wcsu.edu/',0),
 (27138,'Connecticut',237,27039,0,189,'',0),
 (27139,'Delaware State University',-1,27138,1,1,'http://www.desu.edu/',0),
 (27140,'University of Delaware',-1,27138,1,2,'http://www.udel.edu/',0),
 (27141,'Florida',237,27039,0,190,'',0),
 (27142,'Florida A&M University ',-1,27141,1,1,'http://www.famu.edu/',0),
 (27143,'Florida Atlantic University',-1,27141,1,2,'http://www.fau.edu/',0),
 (27144,'Florida Gulf Coast University',-1,27141,1,3,'http://www.fgcu.edu/',0),
 (27145,'Florida International University',-1,27141,1,4,'http://www.fiu.edu/',0),
 (27146,'Florida State Universit',-1,27141,1,5,'http://www.fsu.edu/',0),
 (27147,'Florida State University Panama City',-1,27141,1,6,'http://www.pc.fsu.edu/',0),
 (27148,'University of Central Florida',-1,27141,1,7,'http://www.ucf.edu/',0),
 (27149,'University of Florida',-1,27141,1,8,'http://www.ufl.edu/',0),
 (27150,'University of North Florida',-1,27141,1,9,'http://www.unf.edu/',0),
 (27151,'University of South Florida',-1,27141,1,10,'http://www.usf.edu/index.asp',0),
 (27152,'University of West Florida',-1,27141,1,11,'http://uwf.edu/',0),
 (27153,'Georgia',237,27039,0,191,'',0),
 (27154,'Albany State University',-1,27153,1,1,'http://www.potentialrealized.org/',0),
 (27155,'Armstrong Atlantic State University',-1,27153,1,2,'http://www.armstrong.edu/',0),
 (27156,'Augusta State University',-1,27153,1,3,'http://www.aug.edu/',0),
 (27157,'Columbus State University',-1,27153,1,4,'http://www.colstate.edu/',0),
 (27158,'Fort Valley State University',-1,27153,1,5,'http://www.fvsu.edu/',0),
 (27159,'Georgia Southern University',-1,27153,1,6,'http://www.georgiasouthern.edu/',0),
 (27160,'Georgia Southwestern State University',-1,27153,1,7,'http://www.gsw.edu/~geology/',0),
 (27161,'Georgia State University',-1,27153,1,8,'http://www.gsu.edu/',0),
 (27162,'Kennesaw State University',-1,27153,1,9,'http://www.kennesaw.edu/',0),
 (27163,'Savannah State University',-1,27153,1,10,'http://www.savannahstate.edu/',0),
 (27164,'Southern Polytechnic State University',-1,27153,1,11,'http://www.spsu.edu/',0),
 (27165,'State University of West Georgia',-1,27153,1,12,'http://www.westga.edu/',0),
 (27166,'Troy University - Atlanta',-1,27153,1,13,'http://atlanta.troy.edu/',0),
 (27167,'Troy University - Fort Benning',-1,27153,1,14,'http://benning.troy.edu/',0),
 (27168,'University of Georgia',-1,27153,1,15,'http://www.uga.edu/',0),
 (27169,'Valdosta State University',-1,27153,1,16,'http://www.valdosta.edu/',0),
 (27170,'Hawaii',237,27039,0,192,'',0),
 (27171,'University of Hawaii - Hilo',-1,27170,1,1,'http://www.uhh.hawaii.edu/',0),
 (27172,'University of Hawaii - Manoa',-1,27170,1,2,'http://www.uhm.hawaii.edu/',0),
 (27173,'University of Hawaii - West Oahu',-1,27170,1,3,'http://www.uhm.hawaii.edu/',0),
 (27174,'Idaho',237,27039,0,193,'',0),
 (27175,'Boise State University',-1,27174,1,1,'http://www.boisestate.edu/',0),
 (27176,'Idaho State University',-1,27174,1,2,'http://www.isu.edu/',0),
 (27177,'University of Idaho',-1,27174,1,3,'http://www.uidaho.edu/',0),
 (27178,'University of Idaho - Boise',-1,27174,1,4,'http://www.uidaho.edu/boise',0),
 (27179,'University of Idaho - Coeur d\'Alene',-1,27174,1,5,'http://www.uidaho.edu/cda/',0),
 (27180,'University of Idaho - Idaho Falls',-1,27174,1,6,'http://www.if.uidaho.edu/',0),
 (27181,'Lewis-Clark State College',-1,27174,1,7,'http://www.lcsc.edu/',0),
 (27182,'Illinois',237,27039,0,194,'',0),
 (27183,'Chicago State University',-1,27182,1,1,'http://www.csu.edu/',0),
 (27184,'Eastern Illinois University',-1,27182,1,2,'http://www.eiu.edu/',0),
 (27185,'Governors State University',-1,27182,1,3,'http://www.govst.edu/',0),
 (27186,'Illinois State University',-1,27182,1,4,'http://www.ilstu.edu/',0),
 (27187,'Northeastern Illinois University',-1,27182,1,5,'http://www.neiu.edu/Home/',0),
 (27188,'Northern Illinois University',-1,27182,1,6,'http://www.niu.edu/index.shtml',0),
 (27189,'Southern Illinois University - Carbondale',-1,27182,1,7,'http://www.siu.edu/',0),
 (27190,'Southern Illinois University - Edwardsville',-1,27182,1,8,'http://www.siue.edu/',0),
 (27191,'Southern Illinois University School of Medicine',-1,27182,1,9,'http://www.siumed.edu/',0),
 (27192,'University of Illinois - Chicago',-1,27182,1,10,'http://www.uic.edu/index.html/',0),
 (27193,'University of Illinois - Springfield',-1,27182,1,11,'http://www.uis.edu/',0),
 (27194,'University of Illinois - Urbana-Champaign',-1,27182,1,12,'http://illinois.edu/',0),
 (27195,'Western Illinois University',-1,27182,1,13,'http://www.wiu.edu/',0);
INSERT INTO `treeelements` (`eleId`,`text`,`accdId`,`rootId`,`leaf`,`orderList`,`eleUrl`,`expanded`) VALUES 
 (27196,'Indiana',237,27039,0,195,'',0),
 (27197,'Ball State University',-1,27196,1,1,'http://cms.bsu.edu/',0),
 (27198,'Indiana State University',-1,27196,1,2,'http://www.indstate.edu/home.php',0),
 (27199,'Indiana University',-1,27196,1,3,'http://www.indiana.edu/',0),
 (27200,'Indiana University - Purdue University Columbus',-1,27196,1,4,'http://www.iupuc.edu/',0),
 (27201,'Indiana University - Purdue University Fort Wayne',-1,27196,1,5,'http://www.ipfw.edu/',0),
 (27202,'Indiana University - Purdue University Indianapolis',-1,27196,1,6,'http://www.iupui.edu/',0),
 (27203,'Indiana University Bloomington',-1,27196,1,7,'http://www.iub.edu/',0),
 (27204,'Indiana University East',-1,27196,1,8,'http://www.iub.edu/',0),
 (27205,'Indiana University Kokomo',-1,27196,1,9,'http://www.iuk.edu/',0),
 (27206,'Indiana University Northwest',-1,27196,1,10,'http://www.iun.edu/',0),
 (27207,'Indiana University South Bend',-1,27196,1,11,'http://www.iusb.edu/',0),
 (27208,'Indiana University Southeast',-1,27196,1,12,'http://www.ius.edu/',0),
 (27209,'Purdue University',-1,27196,1,13,'http://www.purdue.edu/',0),
 (27210,'University of Southern Indiana',-1,27196,1,14,'http://www.usi.edu/',0),
 (27211,'Iowa',237,27039,0,196,'',0),
 (27212,'Iowa State University',-1,27211,1,1,'http://www.iastate.edu/',0),
 (27213,'University of Iowa',-1,27211,1,2,'http://www.uiowa.edu/',0),
 (27214,'University of Northern Iowa',-1,27211,1,3,'http://www.uni.edu/',0),
 (27215,'Kansas',237,27039,0,197,'',0),
 (27216,'Emporia State University',-1,27215,1,1,'http://www.emporia.edu/',0),
 (27217,'Fort Hays State University',-1,27215,1,2,'http://www.fhsu.edu/',0),
 (27218,'Kansas State University',-1,27215,1,3,'http://www.k-state.edu/',0),
 (27219,'Kansas State University - Salina',-1,27215,1,4,'http://www.sal.ksu.edu/',0),
 (27220,'Pittsburg State University',-1,27215,1,5,'http://www.pittstate.edu/',0),
 (27221,'University of Kansas',-1,27215,1,6,'http://www.ku.edu/',0),
 (27222,'University of Kansas Medical Center',-1,27215,1,7,'http://www.kumc.edu/',0),
 (27223,'US Army Command & General Staff College',-1,27215,1,8,'http://usacac.army.mil/cac2/cgsc/',0),
 (27224,'Washburn University',-1,27215,1,9,'http://www.washburn.edu/main/index.html',0),
 (27225,'Wichita State University',-1,27215,1,10,'http://www.wichita.edu/thisis/',0),
 (27226,'Kentucky',237,27039,0,198,'',0),
 (27227,'Eastern Kentucky University',-1,27226,1,1,'http://www.eku.edu/',0),
 (27228,'Kentucky State University',-1,27226,1,2,'http://www.kysu.edu/',0),
 (27229,'Morehead State University',-1,27226,1,3,'http://www.moreheadstate.edu/',0),
 (27230,'Murray State University',-1,27226,1,4,'http://www.murraystate.edu/',0),
 (27231,'Northern Kentucky University',-1,27226,1,5,'http://www.nku.edu/',0),
 (27232,'University of Kentucky',-1,27226,1,6,'http://www.nku.edu/',0),
 (27233,'University of Louisville',-1,27226,1,7,'http://louisville.edu/',0),
 (27234,'Western Kentucky University',-1,27226,1,8,'http://www.wku.edu/',0),
 (27235,'Louisiana',237,27039,0,199,'',0),
 (27236,'Grambling State University',-1,27235,1,1,'http://www.gram.edu/',0),
 (27237,'Louisiana State University',-1,27235,1,2,'http://www.lsu.edu/',0),
 (27238,'Louisiana State University - Alexandria',-1,27235,1,3,'http://www.lsua.edu/',0),
 (27239,'Louisiana State University - Eunice',-1,27235,1,4,'http://www.lsue.edu/site.php',0),
 (27240,'Louisiana State University - Shreveport',-1,27235,1,5,'http://www.lsus.edu/',0),
 (27241,'Louisiana State University Health Sciences Center - New Orleans',-1,27235,1,6,'http://www.lsuhsc.edu/',0),
 (27242,'Louisiana State University Health Sciences Center - Shreveport',-1,27235,1,7,'http://www.lsuhscshreveport.edu/',0),
 (27243,'Louisiana Tech University',-1,27235,1,8,'http://www.latech.edu/',0),
 (27244,'McNeese State University',-1,27235,1,9,'http://www.mcneese.edu/',0),
 (27245,'Nicholls State University',-1,27235,1,10,'http://www.nicholls.edu/',0),
 (27246,'Northwestern State University',-1,27235,1,11,'http://www.nsula.edu/',0),
 (27247,'Southeastern Louisiana University',-1,27235,1,12,'http://www.selu.edu/',0),
 (27248,'Southern University - Baton Rouge',-1,27235,1,13,'http://web.subr.edu/',0),
 (27249,'Southern University - New Orleans',-1,27235,1,14,'http://www.suno.edu/',0),
 (27250,'Southern University - Shreveport',-1,27235,1,15,'http://web.susla.edu/Pages/SUSLAhome.aspx',0),
 (27251,'Southern University Law Center',-1,27235,1,16,'http://www.sulc.edu/index_v3.htm',0),
 (27252,'University of Louisiana - Lafayette',-1,27235,1,17,'http://www.louisiana.edu/',0),
 (27253,'University of Louisiana - Monroe',-1,27235,1,18,'http://www.nlu.edu/',0),
 (27254,'University of New Orleans',-1,27235,1,19,'http://www.uno.edu/',0),
 (27255,'Maine',237,27039,0,200,'',0),
 (27256,'University of Maine',-1,27255,1,1,'http://www.umaine.edu/',0),
 (27257,'University of Maine at Augusta',-1,27255,1,2,'http://www.uma.edu/',0),
 (27258,'University of Maine at Farmington',-1,27255,1,3,'http://www.umf.maine.edu/',0),
 (27259,'University of Maine at Fort Kent',-1,27255,1,4,'http://www.umfk.maine.edu/',0),
 (27260,'University of Maine at Machias',-1,27255,1,5,'http://www.umm.maine.edu/',0),
 (27261,'University of Maine at Presque Isle',-1,27255,1,6,'http://www.umpi.edu/',0),
 (27262,'University of Southern Maine',-1,27255,1,7,'University of Southern Maine',0),
 (27263,'Maine Maritime Academy',-1,27255,1,8,'http://www.mainemaritime.edu/',0),
 (27264,'Maryland',237,27039,0,201,'',0),
 (27265,'Bowie State University',-1,27264,1,1,'http://www.bowiestate.edu/',0),
 (27266,'Coppin State University',-1,27264,1,2,'http://www.coppin.edu/',0),
 (27267,'Frostburg State University',-1,27264,1,3,'http://www.frostburg.edu/',0),
 (27268,'Morgan State University',-1,27264,1,4,'http://www.morgan.edu/',0),
 (27269,'Salisbury University',-1,27264,1,5,'http://www.salisbury.edu/',0),
 (27270,'Towson University',-1,27264,1,6,'http://www.towson.edu/',0),
 (27271,'Uniformed Services University of the Health Sciences',-1,27264,1,7,'http://www.usuhs.mil/',0),
 (27272,'United States Naval Academy',-1,27264,1,8,'http://www.usna.edu///homepage.php',0),
 (27273,'University of Baltimore',-1,27264,1,9,'http://www.ubalt.edu/index.cfm',0),
 (27274,'University of Maryland',-1,27264,1,10,'http://www.umd.edu/',0),
 (27275,'University of Maryland - Baltimore',-1,27264,1,11,'http://www.umaryland.edu/',0),
 (27276,'University of Maryland - Baltimore County',-1,27264,1,12,'http://www.umbc.edu/',0),
 (27277,'University of Maryland - Eastern Shore',-1,27264,1,13,'http://www.umes.edu/',0),
 (27278,'Massachusetts',237,27039,0,202,'',0),
 (27279,'Massachusetts Maritime Academy',-1,27278,1,1,'http://www.maritime.edu/',0),
 (27280,'University of Massachusetts - Amherst',-1,27278,1,2,'http://www.umass.edu/',0),
 (27281,'University of Massachusetts - Boston',-1,27278,1,3,'http://www.umb.edu/',0),
 (27282,'University of Massachusetts - Dartmouth',-1,27278,1,4,'http://www.umassd.edu/',0),
 (27283,'University of Massachusetts - Lowell',-1,27278,1,5,'http://www.uml.edu/',0),
 (27284,'University of Massachusetts Medical School',-1,27278,1,6,'http://www.umassmed.edu/index.aspx',0),
 (27285,'Michigan',237,27039,0,203,'',0),
 (27286,'Central Michigan University',-1,27285,1,1,'http://www.cmich.edu/x22.xml',0),
 (27287,'Eastern Michigan University',-1,27285,1,2,'http://www.emich.edu/',0),
 (27288,'Ferris State University',-1,27285,1,3,'http://www.ferris.edu/',0),
 (27289,'Grand Valley State University',-1,27285,1,4,'http://www.gvsu.edu/',0),
 (27290,'Lake Superior State University',-1,27285,1,5,'http://www.lssu.edu/',0),
 (27291,'Michigan State University',-1,27285,1,6,'http://www.msu.edu/',0),
 (27292,'Michigan Technological University',-1,27285,1,7,'http://www.mtu.edu/',0),
 (27293,'Northern Michigan University',-1,27285,1,8,'http://www.nmu.edu/',0),
 (27294,'Oakland University',-1,27285,1,9,'http://www.oakland.edu/',0),
 (27295,'Saginaw Valley State University',-1,27285,1,10,'http://www.svsu.edu/',0),
 (27296,'University of Michigan - Ann Arbor',-1,27285,1,11,'http://www.umich.edu/',0),
 (27297,'University of Michigan - Dearborn ',-1,27285,1,12,'http://www.umd.umich.edu/',0),
 (27298,'University of Michigan - Flint',-1,27285,1,13,'http://www.umflint.edu/',0),
 (27299,'Wayne State University',-1,27285,1,14,'http://www.umflint.edu/',0),
 (27300,'Western Michigan University',-1,27285,1,15,'http://www.wmich.edu/',0),
 (27301,'Minnesota',237,27039,0,204,'',0),
 (27302,'Bemidji State University',-1,27301,1,1,'http://www.bemidjistate.edu/',0),
 (27303,'Metropolitan State University',-1,27301,1,2,'http://www.metrostate.edu/',0),
 (27304,'Minnesota State University - Mankato',-1,27301,1,3,'http://www.mnsu.edu/',0),
 (27305,'Minnesota State University - Moorhead',-1,27301,1,4,'http://www.mnstate.edu/home/',0),
 (27306,'Southwest Minnesota State University',-1,27301,1,5,'http://www.smsu.edu/',0),
 (27307,'St. Cloud State University',-1,27301,1,6,'http://www.stcloudstate.edu/',0),
 (27308,'University of Minnesota - Crookston',-1,27301,1,7,'http://www3.crk.umn.edu/',0),
 (27309,'University of Minnesota - Duluth',-1,27301,1,8,'http://www.d.umn.edu/',0),
 (27310,'University of Minnesota - Morris',-1,27301,1,9,'http://www.morris.umn.edu/',0),
 (27311,'University of Minnesota - Rochester',-1,27301,1,10,'http://www.r.umn.edu/',0),
 (27312,'University of Minnesota - Twincities',-1,27301,1,11,'http://www1.umn.edu/twincities/index.php',0),
 (27313,'Winona State University',-1,27301,1,12,'http://www.winona.edu/',0),
 (27314,'Mississippi',237,27039,0,205,'',0),
 (27315,'Alcorn State University',-1,27314,1,1,'http://www.alcorn.edu/',0),
 (27316,'Delta State University',-1,27314,1,2,'http://www.deltastate.edu/pages/1.asp',0),
 (27317,'Jackson State University',-1,27314,1,3,'http://www.jsums.edu/',0),
 (27318,'Mississippi State University',-1,27314,1,4,'http://www.msstate.edu/',0),
 (27319,'Mississippi University for Women',-1,27314,1,5,'http://web2.muw.edu/index.php',0),
 (27320,'Mississippi Valley State University',-1,27314,1,6,'http://www.mvsu.edu/index.php',0),
 (27321,'University of Mississippi',-1,27314,1,7,'http://www.olemiss.edu/',0),
 (27322,'University of Mississippi Medical Center',-1,27314,1,8,'http://www.umc.edu/',0),
 (27323,'University of Southern Mississippi',-1,27314,1,9,'http://www.usm.edu/index.php',0),
 (27324,'Missouri',237,27039,0,206,'',0),
 (27325,'Harris-Stowe State University',-1,27324,1,1,'http://www.hssu.edu/',0),
 (27326,'Lincoln University',-1,27324,1,2,'http://www.lincoln.ac.nz/',0),
 (27327,'Missouri Southern State University',-1,27324,1,3,'http://www.mssu.edu/athletics/',0),
 (27328,'Missouri State University',-1,27324,1,4,'http://www.missouristate.edu/',0),
 (27329,'Missouri Western State University',-1,27324,1,5,'http://www.missouriwestern.edu/',0),
 (27330,'Northwest Missouri State University',-1,27324,1,6,'http://www.nwmissouri.edu/',0),
 (27331,'Southeast Missouri State University',-1,27324,1,7,'http://www.semo.edu/',0),
 (27332,'Truman State University',-1,27324,1,8,'http://www.truman.edu/',0),
 (27333,'University of Central Missouri',-1,27324,1,9,'http://www.ucmo.edu/',0),
 (27334,'University of Missouri - Columbia',-1,27324,1,10,'http://www.missouri.edu/',0),
 (27335,'University of Missouri - Kansas City',-1,27324,1,11,'http://www.umkc.edu/',0),
 (27336,'University of Missouri - St. Louis',-1,27324,1,12,'http://www.umsl.edu/',0),
 (27337,'Missouri University of Science & Technology',-1,27324,1,13,'http://www.mst.edu/',0),
 (27338,'Montana',237,27039,0,207,'',0),
 (27339,'Montana State University - Billings',-1,27338,1,1,'http://www.msubillings.edu/',0),
 (27340,'Montana State University - Bozeman',-1,27338,1,2,'http://www.montana.edu/',0),
 (27341,'Montana State University - Northern',-1,27338,1,3,'http://www.msun.edu/',0),
 (27342,'University of Montana',-1,27338,1,4,'http://www.umt.edu/future.aspx',0),
 (27343,'University of Montana - Western',-1,27338,1,5,'http://www.umwestern.edu/',0),
 (27344,'Montana Tech of The University of Montana',-1,27338,1,6,'http://www.mtech.edu/',0),
 (27345,'Nebraska',237,27039,0,208,'',0),
 (27346,'University of Nebraska - Kearney',-1,27345,1,1,'http://www.unk.edu/',0),
 (27347,'University of Nebraska - Lincoln',-1,27345,1,2,'http://www.unl.edu/',0),
 (27348,'University of Nebraska - Omaha',-1,27345,1,3,'http://www.unl.edu/',0),
 (27349,'University of Nebraska Medical Center',-1,27345,1,4,'http://www.unmc.edu/',0),
 (27350,'Nevada',237,27039,0,209,'',0),
 (27351,'University of Nevada, Las Vegas',-1,27350,1,1,'http://www.unlv.edu/',0),
 (27352,'University of Nevada, Reno',-1,27350,1,2,'http://www.unr.edu/home/',0),
 (27353,'New Hampshire',237,27039,0,210,'',0),
 (27354,'Plymouth State University',-1,27353,1,1,'http://www.plymouth.edu/',0),
 (27355,'University of New Hampshire',-1,27353,1,2,'http://www.unh.edu/',0),
 (27356,'University of New Hampshire - Manchester',-1,27353,1,3,'http://www.unhm.unh.edu/',0),
 (27357,'New Jersey',237,27039,0,211,'',0),
 (27358,'Kean University',-1,27357,1,1,'http://www.kean.edu/',0),
 (27359,'Montclair State University',-1,27357,1,2,'http://www.montclair.edu/',0),
 (27360,'New Jersey City University',-1,27357,1,3,'http://www.njcu.edu/',0),
 (27361,'New Jersey Institute of Technology',-1,27357,1,4,'http://www.njit.edu/',0),
 (27362,'Rowan University',-1,27357,1,5,'http://www.rowan.edu/',0),
 (27363,'Rutgers University',-1,27357,1,6,'http://www.rutgers.edu/',0),
 (27364,'Rutgers University - Camden',-1,27357,1,7,'http://www.camden.rutgers.edu/',0),
 (27365,'Rutgers University - Newark',-1,27357,1,8,'http://www.newark.rutgers.edu/',0),
 (27366,'William Paterson University',-1,27357,1,9,'http://www.wpunj.edu/',0),
 (27367,'University of Medicine & Dentistry of New Jersey',-1,27357,1,10,'http://www.umdnj.edu/',0),
 (27368,'New Mexico',237,27039,0,212,'',0),
 (27369,'Eastern New Mexico University',-1,27368,1,1,'http://www.enmu.edu/',0),
 (27370,'New Mexico Highlands University',-1,27368,1,2,'http://www.nmhu.edu/',0),
 (27371,'New Mexico State University',-1,27368,1,3,'http://www.nmsu.edu/',0),
 (27372,'New Mexico Tech',-1,27368,1,4,'http://www.nmt.edu/',0),
 (27373,'University of New Mexico',-1,27368,1,5,'http://www.unm.edu/',0),
 (27374,'Western New Mexico University',-1,27368,1,6,'http://www.wnmu.edu/',0),
 (27375,'New York',237,27039,0,213,'',0),
 (27376,'Binghamton University',-1,27375,1,1,'http://www2.binghamton.edu/',0),
 (27377,'Stony Brook University',-1,27375,1,2,'http://www.sunysb.edu/',0),
 (27378,'SUNY - Brockport',-1,27375,1,3,'http://www.brockport.edu/',0),
 (27379,'SUNY - Canton',-1,27375,1,4,'http://www.canton.edu/',0),
 (27380,'SUNY - Cortland',-1,27375,1,5,'http://www.cortland.edu/',0),
 (27381,'SUNY - Delhi',-1,27375,1,6,'http://www.delhi.edu/',0),
 (27382,'SUNY - Fredonia',-1,27375,1,7,'http://www.fredonia.edu/',0),
 (27383,'SUNY - Geneseo',-1,27375,1,8,'http://www.geneseo.edu/',0),
 (27384,'SUNY - New Paltz',-1,27375,1,9,'http://www.newpaltz.edu/',0),
 (27385,'SUNY - Oneonta',-1,27375,1,10,'http://www.oneonta.edu/home/default.asp',0),
 (27386,'SUNY - Oswego',-1,27375,1,11,'http://www.oswego.edu/',0),
 (27387,'SUNY - Plattsburgh',-1,27375,1,12,'http://www.plattsburgh.edu/',0),
 (27388,'SUNY - Potsdam',-1,27375,1,13,'http://www.potsdam.edu/',0),
 (27389,'SUNY Downstate Medical Center',-1,27375,1,14,'http://www.downstate.edu/',0),
 (27390,'SUNY Institute of Technology',-1,27375,1,15,'http://www.sunyit.edu/',0),
 (27391,'SUNY Upstate Medical University',-1,27375,1,16,'http://www.upstate.edu/',0),
 (27392,'Syracuse University',-1,27375,1,17,'http://www.syr.edu/',0),
 (27393,'The Graduate Center',-1,27375,1,18,'http://www.gc.cuny.edu/',0),
 (27394,'University at Albany',-1,27375,1,19,'http://www.albany.edu/',0),
 (27395,'University at Buffalo',-1,27375,1,20,'http://www.buffalo.edu/',0),
 (27396,'US Merchant Marine Academy',-1,27375,1,21,'http://www.usmma.edu/',0),
 (27397,'US Military Academy',-1,27375,1,22,'http://www.usma.edu/',0),
 (27398,'North Carolina',237,27039,0,214,'',0),
 (27399,'Appalachian State University',-1,27398,1,1,'http://www.appstate.edu/',0),
 (27400,'East Carolina University',-1,27398,1,2,'http://www.ecu.edu/',0),
 (27401,'Elizabeth City State University',-1,27398,1,3,'http://www.ecsu.edu/',0),
 (27402,'Fayetteville State University',-1,27398,1,4,'http://www.uncfsu.edu/',0),
 (27403,'North Carolina A&T State University',-1,27398,1,5,'http://www.ncat.edu/',0),
 (27404,'North Carolina Central University',-1,27398,1,6,'http://www.nccu.edu/',0),
 (27405,'North Carolina State University',-1,27398,1,7,'http://www.ncsu.edu/',0),
 (27406,'University of North Carolina - Asheville',-1,27398,1,8,'http://www.unca.edu/',0),
 (27407,'University of North Carolina - Chapel Hill',-1,27398,1,9,'http://www.law.unc.edu/',0),
 (27408,'University of North Carolina - Charlotte',-1,27398,1,10,'http://www.uncc.edu/',0),
 (27409,'University of North Carolina - Greensboro',-1,27398,1,11,'http://www.uncg.edu/',0),
 (27410,'University of North Carolina - Pembroke',-1,27398,1,12,'http://www.uncp.edu/',0),
 (27411,'University of North Carolina - Wilmington',-1,27398,1,13,'http://uncw.edu/',0),
 (27412,'University of North Carolina School of the Arts',-1,27398,1,14,'http://www.uncsa.edu/ ',0),
 (27413,'Winston-Salem State University',-1,27398,1,15,'http://www.wssu.edu/wssu',0),
 (27414,'North Dakota',237,27039,0,215,'',0),
 (27415,'Dickinson State University',-1,27414,1,1,'http://www.dickinsonstate.edu/',0),
 (27416,'Mayville State University',-1,27414,1,2,'http://www.mayvillestate.edu/',0),
 (27417,'North Dakota State University',-1,27414,1,3,'http://www.ndsu.nodak.edu/',0),
 (27418,'Minot State University',-1,27414,1,4,'http://www.minotstateu.edu/',0),
 (27419,'University of North Dakota',-1,27414,1,5,'http://www.und.nodak.edu/',0),
 (27420,'Valley City State University',-1,27414,1,6,'http://www.vcsu.edu/',0),
 (27421,'Ohio',237,27039,0,216,'',0),
 (27422,'Air Force Institute of Technology',-1,27421,1,1,'http://www.afit.edu/',0),
 (27423,'Bowling Green State University',-1,27421,1,2,'http://www.bgsu.edu/',0),
 (27424,'Central State University',-1,27421,1,3,'http://www.centralstate.edu/index.php',0),
 (27425,'Cleveland State University',-1,27421,1,4,'http://www.csuohio.edu/',0),
 (27426,'Kent State University',-1,27421,1,5,'http://www.kent.edu/index.cfm',0),
 (27427,'Miami University',-1,27421,1,6,'http://www.miami.muohio.edu/',0),
 (27428,'Northeastern Ohio Universities College of Medicine',-1,27421,1,7,'http://www.neoucom.edu/',0),
 (27429,'Ohio State University',-1,27421,1,8,'http://www.osu.edu/',0),
 (27430,'Ohio University',-1,27421,1,9,'http://www.ohio.edu/',0),
 (27431,'Shawnee State University',-1,27421,1,10,'http://www.shawnee.edu/',0),
 (27432,'University of Akron',-1,27421,1,11,'http://www.uakron.edu/',0),
 (27433,'University of Toledo',-1,27421,1,12,'http://www.utoledo.edu/',0),
 (27434,'Wright State University',-1,27421,1,13,'http://www.wright.edu/',0),
 (27435,'Youngstown State University',-1,27421,1,14,'http://www.ysu.edu/',0),
 (27436,'University of Cincinnati',-1,27421,1,15,'http://www.uc.edu/',0),
 (27437,'Oklahoma',237,27039,0,217,'',0),
 (27438,'Cameron University',-1,27437,1,1,'http://www.cameron.edu/',0),
 (27439,'East Central University',-1,27437,1,2,'http://www.ecok.edu/',0),
 (27440,'Langston University',-1,27437,1,3,'http://www.lunet.edu/',0),
 (27441,'Northwestern Oklahoma State University',-1,27437,1,4,'http://www.nwosu.edu/',0),
 (27442,'Cameron University',-1,27437,1,5,'http://www.cameron.edu/',0),
 (27443,'East Central University',-1,27437,1,6,'http://www.cameron.edu/',0),
 (27444,'East Central University',-1,27437,1,7,'http://www.ecok.edu/',0),
 (27445,'Langston University',-1,27437,1,8,'http://www.lunet.edu/',0),
 (27446,'Northwestern Oklahoma State University',-1,27437,1,9,'http://www.nwosu.edu/',0),
 (27447,'Oklahoma Panhandle State University',-1,27437,1,10,'http://www.opsu.edu/',0),
 (27448,'Oklahoma State University - Stillwater',-1,27437,1,11,'http://osu.okstate.edu/welcome/',0),
 (27449,'Oklahoma State University - Tulsa',-1,27437,1,12,'http://www.osu-tulsa.okstate.edu/',0),
 (27450,'OSU Center for Health Sciences',-1,27437,1,13,'http://www.healthsciences.okstate.edu/index.cfm',0),
 (27451,'Southeastern Oklahoma State University',-1,27437,1,14,'http://www.se.edu/',0),
 (27452,'Southwestern Oklahoma State University',-1,27437,1,15,'http://www.swosu.edu/',0),
 (27453,'University of Central Oklahoma',-1,27437,1,16,'http://www.uco.edu/',0),
 (27454,'University of Oklahoma',-1,27437,1,17,'http://www.ou.edu/web.html',0),
 (27455,'University of Oklahoma - Tulsa',-1,27437,1,18,'http://tulsa.ou.edu/',0),
 (27456,'University of Oklahoma Health Sciences Center',-1,27437,1,19,'http://ouhsc.edu/',0),
 (27457,'University of Science & Arts of Oklahoma',-1,27437,1,20,'http://www.usao.edu/home/',0),
 (27458,'Oregon',237,27039,0,218,'',0),
 (27459,'Eastern Oregon University',-1,27458,1,1,'http://www.eou.edu/',0),
 (27460,'Oregon Institute of Technology',-1,27458,1,2,'http://www.oit.edu',0),
 (27461,'Portland State University',-1,27458,1,3,'http://www.pdx.edu/',0),
 (27462,'Southern Oregon University',-1,27458,1,4,'http://www.sou.edu/',0),
 (27463,'University of Oregon',-1,27458,1,5,'http://www.uoregon.edu/',0),
 (27464,'University of Oregon Portland',-1,27458,1,6,'http://pdx.uoregon.edu/',0),
 (27465,'Oregon State University',-1,27458,1,7,'http://oregonstate.edu/',0),
 (27466,'Western Oregon University',-1,27458,1,8,'http://www.wou.edu/',0),
 (27467,'Pennsylvania',237,27039,0,219,'',0),
 (27468,'California University of Pennsylvania',-1,27467,1,1,'http://www.cup.edu/index.jsp',0),
 (27469,'Cheyney University',-1,27467,1,2,'http://www.cheyney.edu/',0),
 (27470,'Clarion University',-1,27467,1,3,'http://www.clarion.edu/',0),
 (27471,'East Stroudsburg University',-1,27467,1,4,'http://www4.esu.edu/',0),
 (27472,'Edinboro University',-1,27467,1,5,'http://www.edinboro.edu/',0),
 (27473,'Lincoln University',-1,27467,1,6,'http://www.lincoln.ac.nz/',0),
 (27474,'Lock Haven University',-1,27467,1,7,'http://www.lhup.edu/',0),
 (27475,'Mansfield University',-1,27467,1,8,'http://mansfield.edu/',0),
 (27476,'Millersville University',-1,27467,1,9,'http://www.millersville.edu/',0),
 (27477,'Penn State Abington',-1,27467,1,10,'http://www.abington.psu.edu/psasite.php',0),
 (27478,'Penn State Altoona',-1,27467,1,11,'http://www.aa.psu.edu/',0),
 (27479,'Penn State Beaver',-1,27467,1,12,'http://www.br.psu.edu/',0),
 (27480,'Penn State Berks',-1,27467,1,13,'http://www.bk.psu.edu/',0),
 (27481,'Penn State Brandywine',-1,27467,1,14,'http://www.brandywine.psu.edu/',0),
 (27482,'Penn State College of Medicine',-1,27467,1,15,'http://pennstatehershey.org/web/college/home',0),
 (27483,'Penn State Dickinson School of Law',-1,27467,1,16,'http://www.dsl.psu.edu/',0),
 (27484,'Penn State DuBois',-1,27467,1,17,'http://www.ds.psu.edu/',0),
 (27485,'Penn State Erie',-1,27467,1,18,'http://www.pserie.psu.edu/',0),
 (27486,'Penn State Fayette',-1,27467,1,19,'http://www.fe.psu.edu/',0),
 (27487,'Penn State Great Valley',-1,27467,1,20,'http://www.sgps.psu.edu/',0),
 (27488,'Penn State Greater Allegheny',-1,27467,1,21,'http://www.ga.psu.edu/',0),
 (27489,'Penn State Harrisburg',-1,27467,1,22,'http://www.hbg.psu.edu/',0),
 (27490,'Penn State Hazleton',-1,27467,1,23,'http://www.hn.psu.edu/',0),
 (27491,'Penn State Lehigh Valley',-1,27467,1,24,'http://www.lv.psu.edu/',0),
 (27492,'Penn State Mont Alto',-1,27467,1,25,'http://www.ma.psu.edu/',0),
 (27493,'Penn State New Kensington',-1,27467,1,26,'',0),
 (27494,'Penn State Schuylkill',-1,27467,1,27,'http://www.sl.psu.edu/',0),
 (27495,'Penn State Shenango',-1,27467,1,28,'http://www.shenango.psu.edu/',0),
 (27496,'Penn State Wilkes-Barre',-1,27467,1,29,'http://www.wb.psu.edu/',0),
 (27497,'Penn State Worthington Scranton',-1,27467,1,30,'http://www.psu.edu/',0),
 (27498,'Penn State York',-1,27467,1,31,'http://www.yk.psu.edu/',0),
 (27499,'Pennsylvania College of Technology',-1,27467,1,32,'http://www.pct.edu/',0),
 (27500,'Pennsylvania State University',-1,27467,1,33,'http://www.psu.edu/',0),
 (27501,'Shippensburg University',-1,27467,1,34,'http://www.ship.edu/',0),
 (27502,'Temple University',-1,27467,1,35,'http://www.temple.edu/',0),
 (27503,'University of Pittsburgh',-1,27467,1,36,'http://www.stat.pitt.edu/',0),
 (27504,'University of Pittsburgh - Bradford',-1,27467,1,37,'http://www.upb.pitt.edu/',0),
 (27505,'University of Pittsburgh - Greensburg',-1,27467,1,38,'http://www.upg.pitt.edu/',0),
 (27506,'University of Pittsburgh - Johnstown',-1,27467,1,39,'http://www.upj.pitt.edu/',0),
 (27507,'University of Pittsburgh - Titusville',-1,27467,1,40,'http://www.upt.pitt.edu/site/index.html',0),
 (27508,'US Army War College',-1,27467,1,41,'http://www.carlisle.army.mil/',0),
 (27509,'West Chester University of Pennsylvania',-1,27467,1,42,'http://www.wcupa.edu/',0),
 (27510,'Puerto Rico',237,27039,0,220,'',0),
 (27511,'Conservatory of Music of Puerto Rico',-1,27510,1,1,'http://www.cmpr.edu/',0),
 (27512,'Escuela de Artes Plasticas de Puerto Rico',-1,27510,1,2,'http://www.eap.edu/',0),
 (27513,'Polytechnic University of Puerto Rico',-1,27510,1,3,'http://www.pupr.edu/',0),
 (27514,'University of Puerto Rico in Aguadilla',-1,27510,1,4,'http://www.uprag.edu/',0),
 (27515,'University of Puerto Rico in Arecibo',-1,27510,1,5,'http://www.upra.edu/',0),
 (27516,'University of Puerto Rico in Bayamon',-1,27510,1,6,'http://www.uprb.edu/',0),
 (27517,'University of Puerto Rico in Carolina',-1,27510,1,7,'http://www.uprc.edu/',0),
 (27518,'University of Puerto Rico in Cayey',-1,27510,1,8,'http://www.cayey.upr.edu/',0),
 (27519,'University of Puerto Rico in Cayey',-1,27510,1,9,'http://www.cayey.upr.edu/',0),
 (27520,'University of Puerto Rico in Humacao',-1,27510,1,10,'http://cuhwww.upr.clu.edu/',0),
 (27521,'University of Puerto Rico in Mayaguez',-1,27510,1,11,'http://www.uprm.edu/',0),
 (27522,'University of Puerto Rico in Ponce',-1,27510,1,12,'http://ponce.inter.edu/',0),
 (27523,'University of Puerto Rico in Rio Piedras',-1,27510,1,13,'http://www.uprrp.edu/',0),
 (27524,'university of Puerto Rico Medical Sciences Campus',-1,27510,1,14,'http://www.md.rcm.upr.edu/',0),
 (27525,'Rhode Island',237,27039,0,221,'',0),
 (27526,'University of Rhode Island',-1,27525,1,1,'http://www.chm.uri.edu/',0),
 (27527,'USA Universities',237,27039,1,222,'http://www.usuniversities.com/search.cfm',0),
 (27528,'International Education',237,-1,0,223,'',1),
 (27529,'InternationalEducation',237,27528,1,224,'http://www.happyschoolsblog.com',0),
 (27530,'EducationIndex',237,27528,1,225,'http://www.educationindex.net/educationarticles/graduateschoolstips/preparegradschool/gregraduateexams/scoringgradingofgre.html',0),
 (27531,'MS in US',237,27528,1,226,'http://www.time4education.com/msinus.ASP',0),
 (27532,'GRE Specs',237,-1,0,227,'',1),
 (27533,'GRE Test Takers',237,27532,0,228,'',0),
 (27534,'GRE Test Overview',237,27533,1,229,'http://www.ets.org/vgn-ext-templating/v/?vgnextoid=2a9eaf5e44df4010VgnVCM10000022f95190RCRD&vgnextchannel=41c5e3b5f64f4010VgnVCM10000022f95190RCRD',0),
 (27535,'Test Takers with Disabilities',-1,27533,1,1,'http://www.ets.org/vgn-ext-templating/v/?vgnextoid=e7edb17a180f7110VgnVCM10000022f95190RCRD&vgnextchannel=3a6946f1674f4010VgnVCM1 0000022f95190RCRD',0),
 (27536,'Get Bulletin',-1,27533,1,2,'http://www.ets.org/vgn-ext-templating/v/?vgnextoid=e5f42d3631df4010VgnVCM10000022f95190RCRD&vgnextchannel=f04cf3d792285010VgnVCM10000022f95190RCRD',0),
 (27537,'Register fora GRE Test',-1,27533,1,3,'http://www.ets.org/vgn-ext-templating/v/?vgnextoid=2e9eaf5e44df4010VgnVCM10000022f95190RCRD&vgnextchannel=41c5e3b5f64f4010VgnVCM10000022f95190RCRD',0),
 (27538,'Practice for a GRE Test',-1,27533,1,4,'http://www.ets.org/vgn-ext-templating/v/?vgnextoid=20aeaf5e44df4010VgnVCM10000022f95190RCRD&vgnextchannel=41c5e3b5f64f4010VgnVCM10000022f95190RCRD',0),
 (27539,'Test Dates',-1,27533,1,5,'http://www.ets.org/vgn-ext-templating/v/?vgnextoid=ed152d3631df4010VgnVCM10000022f95190RCRD&vgnextchannel=6ae6e3b5f64f4010VgnVCM10000022f95190RCRD',0),
 (27540,'Score Report Mailing Dates',-1,27533,1,6,'http://www.ets.org/vgn-ext-templating/v/?vgnextoid=ed152d3631df4010VgnVCM10000022f95190RCRD&vgnextchannel=6ae6e3b5f64f4010VgnVCM10000022f95190RCRD',0),
 (27541,'Order Additional Score Reports',-1,27533,1,7,'http://www.ets.org/vgn-ext-templating/v/?vgnextoid=ef152d3631df4010VgnVCM10000022f95190RCRD&vgnextchannel=c50946f1674f4010VgnVCM10000022f95190RCRD',0),
 (27542,'Graduate Business Majors',-1,27533,1,8,'http://www.ets.org/vgn-ext-templating/v/?vgnextoid=00d35d174c550110VgnVCM10000022f95190RCRD&vgnextchannel=5416e3b5f64f4010VgnVCM10000022f95190RCRD',0),
 (27543,'GRE Educators',237,27532,0,230,'',0),
 (27544,'GRE Test Overview',-1,27543,1,1,'http://www.ets.org/vgn-ext-templating/v/?vgnextoid=24aeaf5e44df4010VgnVCM10000022f95190RCRD&vgnextchannel=681d46f1674f4010VgnVCM10000022f95190RCRD',0),
 (27545,'Become a Score Recipient',-1,27543,1,2,'http://www.ets.org/vgn-ext-templating/v/?vgnextoid=e7b42d3631df4010VgnVCM10000022f95190RCRD&vgnextchannel=d72f46f1674f4010VgnVCM10000022f95190RCRD#score_recipient',0),
 (27546,'Review Score Use Guidelines',-1,27543,1,3,'http://www.ets.org/vgn-ext-templating/v/?vgnextoid=24aeaf5e44df4010VgnVCM10000022f95190RCRD&vgnextchannel=681d46f1674f4010VgnVCM10000022f95190RCRD',0),
 (27547,'Score Interpretation Information',-1,27543,1,4,'http://www.ets.org/vgn-ext-templating/v/?vgnextoid=4e6d33c7f00c5010VgnVCM10000022f95190RCRD&vgnextchannel=41db2ce292885010VgnVCM10000022f95190RCRD',0),
 (27548,'Recruit Students',-1,27543,1,5,'http://www.ets.org/vgn-ext-templating/v/?vgnextoid=e5c42d3631df4010VgnVCM10000022f95190RCRD&vgnextchannel=864f46f1674f4010VgnVCM10000022f95190RCRD',0),
 (27549,'Review Validity Analyses',-1,27543,1,6,'http://www.ets.org/vgn-ext-templating/v/?vgnextoid=fd0c964275cb6010VgnVCM10000022f95190RCRD&vgnextchannel=b195e3b5f64f4010VgnVCM10000022f95190RCRD',0),
 (27550,'Graduate Business Programs',-1,27543,1,7,'http://www.ets.org/vgn-ext-templating/v/?vgnextoid=8e479bca45550110VgnVCM10000022f95190RCRD',0),
 (27551,'Material',237,27532,0,231,'',0),
 (27552,'GRE Test Online Course',-1,27551,1,1,'http://www.testprepreview.com/gre_practice.htm',0),
 (27553,'Download free Gre e-Books',-1,27551,1,2,'http://materialsstuffz.blogspot.com/2009/08/download-free-ebookspdf-for-gre.html',0),
 (27554,'Wordlist',-1,27551,1,3,'http://www.graduateshotline.com/list.html',0),
 (27555,'GRE Antonyms By Alphabets',-1,27551,1,4,'http://www.greguide.com/GRE-Antonym-Word-list-Alpha/GRE-Antonym-Word-Lists-Alpha.html',0),
 (27556,'Vocabulary builder',237,27551,0,232,'',0),
 (27557,'Vocabulary builder-1',-1,27556,1,1,'http://www.improvingvocabulary.org/',0),
 (27558,'Vocabulary builder-2',-1,27556,1,2,'http://www.vocabularylearningresources.net/GRE.html',0),
 (27559,'Vocabulary builder-3',-1,27556,1,3,'http://www.buildingvocabulary.org/',0),
 (27560,'Awa guide From ETS',-1,27551,1,4,' http://sarthakster.googlepages.com/gredownloads15',0),
 (27561,'GRE Study Kit ',-1,27551,1,5,'http://www.grebible.com/Free-Gre-Software/studykits.zip',0),
 (27562,'PractiseTests',237,27532,0,233,'',0),
 (27563,'Analogy tests',-1,27562,1,1,'http://www.majortests.com/gre/analogy.php',0),
 (27564,'practise test-1',-1,27562,1,2,'http://www.testprepreview.com/gre_practice.htm',0),
 (27565,'practise test-2',-1,27562,1,3,'http://www.syvum.com/gre/',0),
 (27566,'practise test-3',-1,27562,1,4,'http://www.4tests.com/exams/examdetail.asp?eid=11',0),
 (27567,'practise test-4',-1,27562,1,5,'http://www.greguide.com/download.html',0),
 (27568,'practise test-5',-1,27562,1,6,'http://www.my-gre.com/?gclid=COj9sbXkvJwCFYlM2godJk0gng',0),
 (27569,'Business Schools that accept Gre...',-1,27532,1,7,'http://blog.veritasprep.com/2009/08/business-schools-that-accept-gre.html',0),
 (27570,'Wikipedia',237,27532,0,234,'',0),
 (27571,'Wikipedia GRE doc',-1,27570,1,1,'http://en.wikipedia.org/wiki/Graduate_Record_Examination',0),
 (27572,'Standardized Test',-1,27570,1,2,'http://en.wikipedia.org/wiki/Standardized_test',0),
 (27573,'Graduate Schools',-1,27570,1,3,'http://en.wikipedia.org/wiki/Graduate_school',0),
 (27574,'United States',-1,27570,1,4,'http://en.wikipedia.org/wiki/United_States',0);